Year,Month,DayofMonth,DayOfWeek,FlightDate,Reporting_Airline,Flight_Number_Reporting_Airline,Origin,OriginState,Dest,DestState,CRSDepTime,DepTime,DepDelay,DepDel15,TaxiOut,CRSArrTime,ArrTime,ArrDelay,ArrDel15,TaxiIn,CRSElapsedTime,ActualElapsedTime,AirTime,Distance,Cancelled,CancellationCode,Diverted,CarrierDelay,WeatherDelay,NASDelay,SecurityDelay,LateAircraftDelay,MinutesRecovered,Delayed15
2025,1,1,3,2025-01-01,OO,4651,CHO,VA,ORD,IL,630,621.0,-9.0,0.0,11.0,750,721.0,-29.0,0.0,15.0,140.0,120.0,94.0,566.0,0.0,,0.0,,,,,,20.0,0
2025,1,1,3,2025-01-01,OO,5606,CHO,VA,ORD,IL,1745,1737.0,-8.0,0.0,12.0,1850,1849.0,-1.0,0.0,27.0,125.0,132.0,93.0,566.0,0.0,,0.0,,,,,,-7.0,0
2025,1,1,3,2025-01-01,AA,347,DCA,VA,MIA,FL,959,954.0,-5.0,0.0,12.0,1257,1228.0,-29.0,0.0,8.0,178.0,154.0,134.0,919.0,0.0,,0.0,,,,,,24.0,0
2025,1,1,3,2025-01-01,AA,365,DCA,VA,CLT,NC,1957,1953.0,-4.0,0.0,15.0,2135,2117.0,-18.0,0.0,5.0,98.0,84.0,64.0,331.0,0.0,,0.0,,,,,,14.0,0
2025,1,1,3,2025-01-01,AA,391,DCA,VA,MIA,FL,612,605.0,-7.0,0.0,22.0,911,849.0,-22.0,0.0,17.0,179.0,164.0,125.0,919.0,0.0,,0.0,,,,,,15.0,0
2025,1,1,3,2025-01-01,AA,422,DCA,VA,MIA,FL,815,810.0,-5.0,0.0,29.0,1113,1109.0,-4.0,0.0,16.0,178.0,179.0,134.0,919.0,0.0,,0.0,,,,,,-1.0,0
2025,1,1,3,2025-01-01,AA,436,DCA,VA,BOS,MA,1454,1458.0,4.0,0.0,22.0,1628,1625.0,-3.0,0.0,4.0,94.0,87.0,61.0,399.0,0.0,,0.0,,,,,,7.0,0
2025,1,1,3,2025-01-01,AA,489,DCA,VA,ORD,IL,1154,1158.0,4.0,0.0,14.0,1314,1259.0,-15.0,0.0,9.0,140.0,121.0,98.0,612.0,0.0,,0.0,,,,,,19.0,0
2025,1,1,3,2025-01-01,AA,544,DCA,VA,TPA,FL,1951,1943.0,-8.0,0.0,12.0,2229,2244.0,15.0,1.0,48.0,158.0,181.0,121.0,814.0,0.0,,0.0,0.0,0.0,15.0,0.0,0.0,-23.0,1
2025,1,1,3,2025-01-01,AA,555,DCA,VA,MIA,FL,500,457.0,-3.0,0.0,13.0,754,733.0,-21.0,0.0,7.0,174.0,156.0,136.0,919.0,0.0,,0.0,,,,,,18.0,0
2025,1,1,3,2025-01-01,AA,592,DCA,VA,MCO,FL,644,735.0,51.0,1.0,16.0,922,1001.0,39.0,1.0,11.0,158.0,146.0,119.0,759.0,0.0,,0.0,39.0,0.0,0.0,0.0,0.0,12.0,1
2025,1,1,3,2025-01-01,AA,1632,DCA,VA,DFW,TX,1714,1722.0,8.0,0.0,16.0,1956,2010.0,14.0,0.0,21.0,222.0,228.0,191.0,1192.0,0.0,,0.0,,,,,,-6.0,0
2025,1,1,3,2025-01-01,AA,1682,DCA,VA,ORD,IL,1454,1447.0,-7.0,0.0,13.0,1616,1549.0,-27.0,0.0,9.0,142.0,122.0,100.0,612.0,0.0,,0.0,,,,,,20.0,0
2025,1,1,3,2025-01-01,AA,1721,DCA,VA,MCO,FL,1520,1513.0,-7.0,0.0,24.0,1755,1752.0,-3.0,0.0,7.0,155.0,159.0,128.0,759.0,0.0,,0.0,,,,,,-4.0,0
2025,1,1,3,2025-01-01,AA,1839,DCA,VA,DFW,TX,630,625.0,-5.0,0.0,13.0,917,914.0,-3.0,0.0,15.0,227.0,229.0,201.0,1192.0,0.0,,0.0,,,,,,-2.0,0
2025,1,1,3,2025-01-01,AA,1893,DCA,VA,BDL,CT,2225,2213.0,-12.0,0.0,16.0,2352,2321.0,-31.0,0.0,4.0,87.0,68.0,48.0,313.0,0.0,,0.0,,,,,,19.0,0
2025,1,1,3,2025-01-01,AA,2844,DCA,VA,PHX,AZ,700,653.0,-7.0,0.0,22.0,1022,1029.0,7.0,0.0,6.0,322.0,336.0,308.0,1979.0,0.0,,0.0,,,,,,-14.0,0
2025,1,1,3,2025-01-01,AA,2903,DCA,VA,ORD,IL,559,551.0,-8.0,0.0,12.0,719,650.0,-29.0,0.0,8.0,140.0,119.0,99.0,612.0,0.0,,0.0,,,,,,21.0,0
2025,1,1,3,2025-01-01,AA,2939,DCA,VA,FLL,FL,1011,1004.0,-7.0,0.0,18.0,1313,1242.0,-31.0,0.0,6.0,182.0,158.0,134.0,899.0,0.0,,0.0,,,,,,24.0,0
2025,1,1,3,2025-01-01,AA,2943,DCA,VA,FLL,FL,1502,1559.0,57.0,1.0,10.0,1753,1832.0,39.0,1.0,5.0,171.0,153.0,138.0,899.0,0.0,,0.0,39.0,0.0,0.0,0.0,0.0,18.0,1
2025,1,1,3,2025-01-01,AA,2959,DCA,VA,ORD,IL,1713,1707.0,-6.0,0.0,19.0,1836,1834.0,-2.0,0.0,25.0,143.0,147.0,103.0,612.0,0.0,,0.0,,,,,,-4.0,0
2025,1,1,3,2025-01-01,AA,2987,DCA,VA,MIA,FL,1600,1555.0,-5.0,0.0,20.0,1900,1847.0,-13.0,0.0,14.0,180.0,172.0,138.0,919.0,0.0,,0.0,,,,,,8.0,0
2025,1,1,3,2025-01-01,AA,3008,DCA,VA,LGA,NY,1545,1625.0,40.0,1.0,16.0,1657,1729.0,32.0,1.0,6.0,72.0,64.0,42.0,214.0,0.0,,0.0,16.0,0.0,0.0,0.0,16.0,8.0,1
2025,1,1,3,2025-01-01,AA,3018,DCA,VA,MIA,FL,1154,1357.0,123.0,1.0,16.0,1450,1639.0,109.0,1.0,8.0,176.0,162.0,138.0,919.0,0.0,,0.0,6.0,0.0,0.0,0.0,103.0,14.0,1
2025,1,1,3,2025-01-01,AA,3066,DCA,VA,DFW,TX,1520,1517.0,-3.0,0.0,30.0,1809,1815.0,6.0,0.0,9.0,229.0,238.0,199.0,1192.0,0.0,,0.0,,,,,,-9.0,0
2025,1,1,3,2025-01-01,AA,1090,DCA,VA,DFW,TX,1154,1215.0,21.0,1.0,20.0,1442,1510.0,28.0,1.0,11.0,228.0,235.0,204.0,1192.0,0.0,,0.0,21.0,0.0,7.0,0.0,0.0,-7.0,1
2025,1,1,3,2025-01-01,AA,1153,DCA,VA,PBI,FL,1014,1010.0,-4.0,0.0,28.0,1309,1249.0,-20.0,0.0,4.0,175.0,159.0,127.0,857.0,0.0,,0.0,,,,,,16.0,0
2025,1,1,3,2025-01-01,AA,1158,DCA,VA,DFW,TX,1859,1854.0,-5.0,0.0,14.0,2145,2139.0,-6.0,0.0,16.0,226.0,225.0,195.0,1192.0,0.0,,0.0,,,,,,1.0,0
2025,1,1,3,2025-01-01,AA,1162,DCA,VA,LAX,CA,1730,1728.0,-2.0,0.0,23.0,2021,2026.0,5.0,0.0,7.0,351.0,358.0,328.0,2311.0,0.0,,0.0,,,,,,-7.0,0
2025,1,1,3,2025-01-01,AA,1170,DCA,VA,MCO,FL,1145,1137.0,-8.0,0.0,17.0,1423,1406.0,-17.0,0.0,10.0,158.0,149.0,122.0,759.0,0.0,,0.0,,,,,,9.0,0
2025,1,1,3,2025-01-01,AA,1177,DCA,VA,DFW,TX,1312,1305.0,-7.0,0.0,16.0,1556,1557.0,1.0,0.0,6.0,224.0,232.0,210.0,1192.0,0.0,,0.0,,,,,,-8.0,0
2025,1,1,3,2025-01-01,AA,1181,DCA,VA,JAX,FL,819,825.0,6.0,0.0,21.0,1031,1043.0,12.0,0.0,8.0,132.0,138.0,109.0,634.0,0.0,,0.0,,,,,,-6.0,0
2025,1,1,3,2025-01-01,AA,1200,DCA,VA,ORD,IL,944,939.0,-5.0,0.0,11.0,1102,1040.0,-22.0,0.0,10.0,138.0,121.0,100.0,612.0,0.0,,0.0,,,,,,17.0,0
2025,1,1,3,2025-01-01,AA,1218,DCA,VA,PHX,AZ,1020,1020.0,0.0,0.0,20.0,1348,1328.0,-20.0,0.0,3.0,328.0,308.0,285.0,1979.0,0.0,,0.0,,,,,,20.0,0
2025,1,1,3,2025-01-01,AA,1907,DCA,VA,DFW,TX,917,922.0,5.0,0.0,13.0,1205,1203.0,-2.0,0.0,5.0,228.0,221.0,203.0,1192.0,0.0,,0.0,,,,,,7.0,0
2025,1,1,3,2025-01-01,AA,1921,DCA,VA,JAX,FL,1459,1453.0,-6.0,0.0,14.0,1710,1700.0,-10.0,0.0,7.0,131.0,127.0,106.0,634.0,0.0,,0.0,,,,,,4.0,0
2025,1,1,3,2025-01-01,AA,1975,DCA,VA,LAS,NV,740,735.0,-5.0,0.0,15.0,959,1006.0,7.0,0.0,13.0,319.0,331.0,303.0,2089.0,0.0,,0.0,,,,,,-12.0,0
2025,1,1,3,2025-01-01,AA,1986,DCA,VA,LAX,CA,840,836.0,-4.0,0.0,30.0,1150,1200.0,10.0,0.0,9.0,370.0,384.0,345.0,2311.0,0.0,,0.0,,,,,,-14.0,0
2025,1,1,3,2025-01-01,AA,2007,DCA,VA,DFW,TX,500,453.0,-7.0,0.0,13.0,749,737.0,-12.0,0.0,12.0,229.0,224.0,199.0,1192.0,0.0,,0.0,,,,,,5.0,0
2025,1,1,3,2025-01-01,AA,2120,DCA,VA,BOS,MA,2211,2201.0,-10.0,0.0,11.0,2353,2318.0,-35.0,0.0,6.0,102.0,77.0,60.0,399.0,0.0,,0.0,,,,,,25.0,0
2025,1,1,3,2025-01-01,AA,2128,DCA,VA,MCO,FL,820,814.0,-6.0,0.0,12.0,1057,1042.0,-15.0,0.0,13.0,157.0,148.0,123.0,759.0,0.0,,0.0,,,,,,9.0,0
2025,1,1,3,2025-01-01,AA,2139,DCA,VA,MCO,FL,1738,1733.0,-5.0,0.0,15.0,2018,2010.0,-8.0,0.0,16.0,160.0,157.0,126.0,759.0,0.0,,0.0,,,,,,3.0,0
2025,1,1,3,2025-01-01,AA,2182,DCA,VA,CLT,NC,1730,1721.0,-9.0,0.0,20.0,1907,1852.0,-15.0,0.0,7.0,97.0,91.0,64.0,331.0,0.0,,0.0,,,,,,6.0,0
2025,1,1,3,2025-01-01,AA,3133,DCA,VA,MIA,FL,701,654.0,-7.0,0.0,15.0,1000,930.0,-30.0,0.0,6.0,179.0,156.0,135.0,919.0,0.0,,0.0,,,,,,23.0,0
2025,1,1,3,2025-01-01,AA,3194,DCA,VA,CLT,NC,626,617.0,-9.0,0.0,22.0,804,751.0,-13.0,0.0,5.0,98.0,94.0,67.0,331.0,0.0,,0.0,,,,,,4.0,0
2025,1,1,3,2025-01-01,AA,620,DCA,VA,CLT,NC,1138,1132.0,-6.0,0.0,12.0,1318,1253.0,-25.0,0.0,11.0,100.0,81.0,58.0,331.0,0.0,,0.0,,,,,,19.0,0
2025,1,1,3,2025-01-01,AA,865,DCA,VA,MIA,FL,1724,1729.0,5.0,0.0,21.0,2023,2033.0,10.0,0.0,25.0,179.0,184.0,138.0,919.0,0.0,,0.0,,,,,,-5.0,0
2025,1,1,3,2025-01-01,AA,897,DCA,VA,MIA,FL,1824,1813.0,-11.0,0.0,9.0,2119,2050.0,-29.0,0.0,5.0,175.0,157.0,143.0,919.0,0.0,,0.0,,,,,,18.0,0
2025,1,1,3,2025-01-01,AA,966,DCA,VA,CLT,NC,1011,1008.0,-3.0,0.0,26.0,1206,1157.0,-9.0,0.0,21.0,115.0,109.0,62.0,331.0,0.0,,0.0,,,,,,6.0,0
2025,1,1,3,2025-01-01,AA,2297,DCA,VA,PBI,FL,1546,1541.0,-5.0,0.0,32.0,1826,1838.0,12.0,0.0,4.0,160.0,177.0,141.0,857.0,0.0,,0.0,,,,,,-17.0,0
2025,1,1,3,2025-01-01,AA,2304,DCA,VA,ORD,IL,700,647.0,-13.0,0.0,30.0,821,805.0,-16.0,0.0,9.0,141.0,138.0,99.0,612.0,0.0,,0.0,,,,,,3.0,0
2025,1,1,3,2025-01-01,AA,2473,DCA,VA,SRQ,FL,819,824.0,5.0,0.0,28.0,1111,1111.0,0.0,0.0,5.0,172.0,167.0,134.0,851.0,0.0,,0.0,,,,,,5.0,0
2025,1,1,3,2025-01-01,AA,1394,DCA,VA,PBI,FL,815,807.0,-8.0,0.0,11.0,1056,1030.0,-26.0,0.0,6.0,161.0,143.0,126.0,857.0,0.0,,0.0,,,,,,18.0,0
2025,1,1,3,2025-01-01,AA,1399,DCA,VA,BOS,MA,1659,1658.0,-1.0,0.0,14.0,1832,1818.0,-14.0,0.0,4.0,93.0,80.0,62.0,399.0,0.0,,0.0,,,,,,13.0,0
2025,1,1,3,2025-01-01,AA,1517,DCA,VA,BDL,CT,1659,1655.0,-4.0,0.0,15.0,1819,1808.0,-11.0,0.0,5.0,80.0,73.0,53.0,313.0,0.0,,0.0,,,,,,7.0,0
2025,1,1,3,2025-01-01,AA,1518,DCA,VA,CLT,NC,834,825.0,-9.0,0.0,36.0,1030,1018.0,-12.0,0.0,10.0,116.0,113.0,67.0,331.0,0.0,,0.0,,,,,,3.0,0
2025,1,1,3,2025-01-01,AA,1540,DCA,VA,RSW,FL,1541,1540.0,-1.0,0.0,18.0,1827,1816.0,-11.0,0.0,4.0,166.0,156.0,134.0,892.0,0.0,,0.0,,,,,,10.0,0
2025,1,1,3,2025-01-01,AA,1612,DCA,VA,MIA,FL,1333,1332.0,-1.0,0.0,13.0,1630,1612.0,-18.0,0.0,12.0,177.0,160.0,135.0,919.0,0.0,,0.0,,,,,,17.0,0
2025,1,1,3,2025-01-01,AA,1618,DCA,VA,DFW,TX,1035,1153.0,78.0,1.0,15.0,1332,1435.0,63.0,1.0,7.0,237.0,222.0,200.0,1192.0,0.0,,0.0,63.0,0.0,0.0,0.0,0.0,15.0,1
2025,1,1,3,2025-01-01,AA,1619,DCA,VA,MIA,FL,2005,2001.0,-4.0,0.0,15.0,2310,2241.0,-29.0,0.0,5.0,185.0,160.0,140.0,919.0,0.0,,0.0,,,,,,25.0,0
2025,1,1,3,2025-01-01,AA,1630,DCA,VA,ORD,IL,2045,2150.0,65.0,1.0,16.0,2205,2254.0,49.0,1.0,7.0,140.0,124.0,101.0,612.0,0.0,,0.0,6.0,0.0,0.0,0.0,43.0,16.0,1
2025,1,1,3,2025-01-01,AA,2522,DCA,VA,TPA,FL,1350,1352.0,2.0,0.0,18.0,1620,1625.0,5.0,0.0,5.0,150.0,153.0,130.0,814.0,0.0,,0.0,,,,,,-3.0,0
2025,1,1,3,2025-01-01,AA,2524,DCA,VA,TPA,FL,1012,1007.0,-5.0,0.0,18.0,1304,1244.0,-20.0,0.0,6.0,172.0,157.0,133.0,814.0,0.0,,0.0,,,,,,15.0,0
2025,1,1,3,2025-01-01,AS,1,DCA,VA,SEA,WA,800,748.0,-12.0,0.0,18.0,1100,1032.0,-28.0,0.0,8.0,360.0,344.0,318.0,2329.0,0.0,,0.0,,,,,,16.0,0
2025,1,1,3,2025-01-01,AS,3,DCA,VA,SEA,WA,1740,1727.0,-13.0,0.0,27.0,2048,2022.0,-26.0,0.0,8.0,368.0,355.0,320.0,2329.0,0.0,,0.0,,,,,,13.0,0
2025,1,1,3,2025-01-01,AS,5,DCA,VA,LAX,CA,920,,,,,1223,,,,,363.0,,,2311.0,1.0,B,0.0,,,,,,,
2025,1,1,3,2025-01-01,AS,7,DCA,VA,SFO,CA,1715,1707.0,-8.0,0.0,22.0,2033,2023.0,-10.0,0.0,6.0,378.0,376.0,348.0,2442.0,0.0,,0.0,,,,,,2.0,0
2025,1,1,3,2025-01-01,AS,9,DCA,VA,PDX,OR,1854,1845.0,-9.0,0.0,15.0,2157,2132.0,-25.0,0.0,3.0,363.0,347.0,329.0,2350.0,0.0,,0.0,,,,,,16.0,0
2025,1,1,3,2025-01-01,B6,579,DCA,VA,FLL,FL,1220,1214.0,-6.0,0.0,15.0,1502,1450.0,-12.0,0.0,10.0,162.0,156.0,131.0,899.0,0.0,,0.0,,,,,,6.0,0
2025,1,1,3,2025-01-01,B6,654,DCA,VA,BOS,MA,1045,1030.0,-15.0,0.0,13.0,1218,1148.0,-30.0,0.0,5.0,93.0,78.0,60.0,399.0,0.0,,0.0,,,,,,15.0,0
2025,1,1,3,2025-01-01,B6,1333,DCA,VA,PBI,FL,912,918.0,6.0,0.0,12.0,1152,1149.0,-3.0,0.0,5.0,160.0,151.0,134.0,857.0,0.0,,0.0,,,,,,9.0,0
2025,1,1,3,2025-01-01,B6,1347,DCA,VA,SJU,PR,800,747.0,-13.0,0.0,10.0,1240,1211.0,-29.0,0.0,3.0,220.0,204.0,191.0,1554.0,0.0,,0.0,,,,,,16.0,0
2025,1,1,3,2025-01-01,B6,1379,DCA,VA,FLL,FL,700,651.0,-9.0,0.0,10.0,942,929.0,-13.0,0.0,10.0,162.0,158.0,138.0,899.0,0.0,,0.0,,,,,,4.0,0
2025,1,1,3,2025-01-01,B6,1733,DCA,VA,PBI,FL,1759,1753.0,-6.0,0.0,13.0,2038,2030.0,-8.0,0.0,8.0,159.0,157.0,136.0,857.0,0.0,,0.0,,,,,,2.0,0
2025,1,1,3,2025-01-01,B6,1779,DCA,VA,FLL,FL,2059,2049.0,-10.0,0.0,13.0,2337,2331.0,-6.0,0.0,5.0,158.0,162.0,144.0,899.0,0.0,,0.0,,,,,,-4.0,0
2025,1,1,3,2025-01-01,B6,1854,DCA,VA,BOS,MA,900,851.0,-9.0,0.0,25.0,1031,1022.0,-9.0,0.0,5.0,91.0,91.0,61.0,399.0,0.0,,0.0,,,,,,0.0,0
2025,1,1,3,2025-01-01,B6,1979,DCA,VA,FLL,FL,1700,1708.0,8.0,0.0,17.0,1944,1945.0,1.0,0.0,6.0,164.0,157.0,134.0,899.0,0.0,,0.0,,,,,,7.0,0
2025,1,1,3,2025-01-01,B6,2023,DCA,VA,MCO,FL,1400,1355.0,-5.0,0.0,20.0,1632,1638.0,6.0,0.0,17.0,152.0,163.0,126.0,759.0,0.0,,0.0,,,,,,-11.0,0
2025,1,1,3,2025-01-01,B6,2354,DCA,VA,BOS,MA,1655,1645.0,-10.0,0.0,14.0,1829,1807.0,-22.0,0.0,7.0,94.0,82.0,61.0,399.0,0.0,,0.0,,,,,,12.0,0
2025,1,1,3,2025-01-01,B6,2423,DCA,VA,MCO,FL,1000,947.0,-13.0,0.0,17.0,1233,1235.0,2.0,0.0,29.0,153.0,168.0,122.0,759.0,0.0,,0.0,,,,,,-15.0,0
2025,1,1,3,2025-01-01,B6,2454,DCA,VA,BOS,MA,1144,1137.0,-7.0,0.0,15.0,1314,1256.0,-18.0,0.0,7.0,90.0,79.0,57.0,399.0,0.0,,0.0,,,,,,11.0,0
2025,1,1,3,2025-01-01,B6,2523,DCA,VA,MCO,FL,1854,2006.0,72.0,1.0,13.0,2125,2239.0,74.0,1.0,7.0,151.0,153.0,133.0,759.0,0.0,,0.0,7.0,0.0,2.0,0.0,65.0,-2.0,1
2025,1,1,3,2025-01-01,DL,330,DCA,VA,ATL,GA,605,600.0,-5.0,0.0,21.0,810,757.0,-13.0,0.0,5.0,125.0,117.0,91.0,547.0,0.0,,0.0,,,,,,8.0,0
2025,1,1,3,2025-01-01,DL,360,DCA,VA,ATL,GA,1525,1525.0,0.0,0.0,16.0,1728,1722.0,-6.0,0.0,5.0,123.0,117.0,96.0,547.0,0.0,,0.0,,,,,,6.0,0
2025,1,1,3,2025-01-01,DL,380,DCA,VA,ATL,GA,1300,1246.0,-14.0,0.0,12.0,1500,1439.0,-21.0,0.0,6.0,120.0,113.0,95.0,547.0,0.0,,0.0,,,,,,7.0,0
2025,1,1,3,2025-01-01,DL,392,DCA,VA,LAX,CA,1710,1659.0,-11.0,0.0,13.0,2004,1943.0,-21.0,0.0,9.0,354.0,344.0,322.0,2311.0,0.0,,0.0,,,,,,10.0,0
2025,1,1,3,2025-01-01,DL,410,DCA,VA,ATL,GA,720,713.0,-7.0,0.0,12.0,927,910.0,-17.0,0.0,14.0,127.0,117.0,91.0,547.0,0.0,,0.0,,,,,,10.0,0
2025,1,1,3,2025-01-01,DL,455,DCA,VA,ATL,GA,820,812.0,-8.0,0.0,11.0,1025,1013.0,-12.0,0.0,19.0,125.0,121.0,91.0,547.0,0.0,,0.0,,,,,,4.0,0
2025,1,1,3,2025-01-01,DL,1454,DCA,VA,DTW,MI,1742,1740.0,-2.0,0.0,15.0,1925,1927.0,2.0,0.0,19.0,103.0,107.0,73.0,405.0,0.0,,0.0,,,,,,-4.0,0
2025,1,1,3,2025-01-01,DL,2869,DCA,VA,DTW,MI,600,550.0,-10.0,0.0,15.0,743,730.0,-13.0,0.0,17.0,103.0,100.0,68.0,405.0,0.0,,0.0,,,,,,3.0,0
2025,1,1,3,2025-01-01,DL,2958,DCA,VA,MSP,MN,1137,1131.0,-6.0,0.0,8.0,1329,1257.0,-32.0,0.0,4.0,172.0,146.0,134.0,931.0,0.0,,0.0,,,,,,26.0,0
2025,1,1,3,2025-01-01,DL,2983,DCA,VA,MSP,MN,1500,1452.0,-8.0,0.0,9.0,1655,1624.0,-31.0,0.0,6.0,175.0,152.0,137.0,931.0,0.0,,0.0,,,,,,23.0,0
2025,1,1,3,2025-01-01,DL,563,DCA,VA,ATL,GA,1745,1744.0,-1.0,0.0,13.0,1951,1946.0,-5.0,0.0,10.0,126.0,122.0,99.0,547.0,0.0,,0.0,,,,,,4.0,0
2025,1,1,3,2025-01-01,DL,737,DCA,VA,ATL,GA,1100,1047.0,-13.0,0.0,10.0,1258,1239.0,-19.0,0.0,6.0,118.0,112.0,96.0,547.0,0.0,,0.0,,,,,,6.0,0
2025,1,1,3,2025-01-01,DL,820,DCA,VA,SLC,UT,1710,1707.0,-3.0,0.0,24.0,2015,2008.0,-7.0,0.0,10.0,305.0,301.0,267.0,1851.0,0.0,,0.0,,,,,,4.0,0
2025,1,1,3,2025-01-01,DL,1558,DCA,VA,DTW,MI,1000,955.0,-5.0,0.0,15.0,1145,1129.0,-16.0,0.0,9.0,105.0,94.0,70.0,405.0,0.0,,0.0,,,,,,11.0,0
2025,1,1,3,2025-01-01,DL,1003,DCA,VA,MCO,FL,800,748.0,-12.0,0.0,13.0,1030,1013.0,-17.0,0.0,9.0,150.0,145.0,123.0,759.0,0.0,,0.0,,,,,,5.0,0
2025,1,1,3,2025-01-01,DL,1193,DCA,VA,MSP,MN,600,543.0,-17.0,0.0,13.0,755,710.0,-45.0,0.0,5.0,175.0,147.0,129.0,931.0,0.0,,0.0,,,,,,28.0,0
2025,1,1,3,2025-01-01,DL,2576,DCA,VA,MIA,FL,1450,1437.0,-13.0,0.0,14.0,1739,1801.0,22.0,1.0,50.0,169.0,204.0,140.0,919.0,0.0,,0.0,0.0,0.0,22.0,0.0,0.0,-35.0,1
2025,1,1,3,2025-01-01,F9,689,DCA,VA,DEN,CO,1800,1749.0,-11.0,0.0,12.0,2019,1948.0,-31.0,0.0,9.0,259.0,239.0,218.0,1476.0,0.0,,0.0,,,,,,20.0,0
2025,1,1,3,2025-01-01,F9,687,DCA,VA,DEN,CO,1301,1311.0,10.0,0.0,17.0,1520,1514.0,-6.0,0.0,9.0,259.0,243.0,217.0,1476.0,0.0,,0.0,,,,,,16.0,0
2025,1,1,3,2025-01-01,F9,685,DCA,VA,DEN,CO,700,650.0,-10.0,0.0,17.0,920,901.0,-19.0,0.0,15.0,260.0,251.0,219.0,1476.0,0.0,,0.0,,,,,,9.0,0
2025,1,1,3,2025-01-01,MQ,3627,DCA,VA,LIT,AR,1700,1700.0,0.0,0.0,21.0,1853,1851.0,-2.0,0.0,4.0,173.0,171.0,146.0,888.0,0.0,,0.0,,,,,,2.0,0
2025,1,1,3,2025-01-01,MQ,3784,DCA,VA,EYW,FL,1227,1225.0,-2.0,0.0,13.0,1527,1543.0,16.0,1.0,2.0,180.0,198.0,183.0,1023.0,0.0,,0.0,0.0,0.0,16.0,0.0,0.0,-18.0,1
2025,1,1,3,2025-01-01,MQ,3822,DCA,VA,JAX,FL,1130,,,,,1341,,,,,131.0,,,634.0,1.0,A,0.0,,,,,,,
2025,1,1,3,2025-01-01,MQ,4027,DCA,VA,ILM,NC,816,815.0,-1.0,0.0,17.0,958,932.0,-26.0,0.0,3.0,102.0,77.0,57.0,319.0,0.0,,0.0,,,,,,25.0,0
2025,1,1,3,2025-01-01,MQ,4042,DCA,VA,CMH,OH,2200,2158.0,-2.0,0.0,24.0,2331,2330.0,-1.0,0.0,9.0,91.0,92.0,59.0,323.0,0.0,,0.0,,,,,,-1.0,0
2025,1,1,3,2025-01-01,OH,5038,DCA,VA,GSP,SC,1715,1713.0,-2.0,0.0,19.0,1854,1853.0,-1.0,0.0,3.0,99.0,100.0,78.0,396.0,0.0,,0.0,,,,,,-1.0,0
2025,1,1,3,2025-01-01,OH,5039,DCA,VA,GRR,MI,1334,1324.0,-10.0,0.0,14.0,1526,1514.0,-12.0,0.0,4.0,112.0,110.0,92.0,524.0,0.0,,0.0,,,,,,2.0,0
2025,1,1,3,2025-01-01,OH,5041,DCA,VA,HSV,AL,819,823.0,4.0,0.0,27.0,937,948.0,11.0,0.0,4.0,138.0,145.0,114.0,613.0,0.0,,0.0,,,,,,-7.0,0
2025,1,1,3,2025-01-01,OH,5056,DCA,VA,PWM,ME,1000,950.0,-10.0,0.0,18.0,1153,1126.0,-27.0,0.0,3.0,113.0,96.0,75.0,482.0,0.0,,0.0,,,,,,17.0,0
2025,1,1,3,2025-01-01,OH,5065,DCA,VA,TYS,TN,1703,1652.0,-11.0,0.0,31.0,1849,1856.0,7.0,0.0,13.0,106.0,124.0,80.0,437.0,0.0,,0.0,,,,,,-18.0,0
2025,1,1,3,2025-01-01,OH,5067,DCA,VA,PVD,RI,1222,1210.0,-12.0,0.0,14.0,1348,1326.0,-22.0,0.0,4.0,86.0,76.0,58.0,356.0,0.0,,0.0,,,,,,10.0,0
2025,1,1,3,2025-01-01,OH,5068,DCA,VA,BNA,TN,1730,1721.0,-9.0,0.0,19.0,1834,1907.0,33.0,1.0,44.0,124.0,166.0,103.0,562.0,0.0,,0.0,0.0,0.0,33.0,0.0,0.0,-42.0,1
2025,1,1,3,2025-01-01,OH,5073,DCA,VA,PNS,FL,835,824.0,-11.0,0.0,32.0,1031,1016.0,-15.0,0.0,4.0,176.0,172.0,136.0,816.0,0.0,,0.0,,,,,,4.0,0
2025,1,1,3,2025-01-01,OH,5077,DCA,VA,GRR,MI,2200,2154.0,-6.0,0.0,16.0,2359,2337.0,-22.0,0.0,4.0,119.0,103.0,83.0,524.0,0.0,,0.0,,,,,,16.0,0
2025,1,1,3,2025-01-01,OH,5080,DCA,VA,AVL,NC,1247,1245.0,-2.0,0.0,17.0,1421,1418.0,-3.0,0.0,4.0,94.0,93.0,72.0,384.0,0.0,,0.0,,,,,,1.0,0
2025,1,1,3,2025-01-01,OH,5081,DCA,VA,CAE,SC,1730,1719.0,-11.0,0.0,29.0,1909,1904.0,-5.0,0.0,5.0,99.0,105.0,71.0,408.0,0.0,,0.0,,,,,,-6.0,0
2025,1,1,3,2025-01-01,OH,5084,DCA,VA,DTW,MI,1500,1503.0,3.0,0.0,29.0,1650,1654.0,4.0,0.0,13.0,110.0,111.0,69.0,405.0,0.0,,0.0,,,,,,-1.0,0
2025,1,1,3,2025-01-01,OH,5133,DCA,VA,CLT,NC,1529,1525.0,-4.0,0.0,26.0,1710,1704.0,-6.0,0.0,8.0,101.0,99.0,65.0,331.0,0.0,,0.0,,,,,,2.0,0
2025,1,1,3,2025-01-01,OH,5138,DCA,VA,BUF,NY,1517,1514.0,-3.0,0.0,21.0,1638,1629.0,-9.0,0.0,3.0,81.0,75.0,51.0,296.0,0.0,,0.0,,,,,,6.0,0
2025,1,1,3,2025-01-01,OH,5158,DCA,VA,ALB,NY,1240,1230.0,-10.0,0.0,20.0,1405,1350.0,-15.0,0.0,3.0,85.0,80.0,57.0,318.0,0.0,,0.0,,,,,,5.0,0
2025,1,1,3,2025-01-01,OH,5162,DCA,VA,ATL,GA,2000,1950.0,-10.0,0.0,14.0,2211,2145.0,-26.0,0.0,5.0,131.0,115.0,96.0,547.0,0.0,,0.0,,,,,,16.0,0
2025,1,1,3,2025-01-01,OH,5182,DCA,VA,CHS,SC,839,828.0,-11.0,0.0,36.0,1049,1037.0,-12.0,0.0,6.0,130.0,129.0,87.0,444.0,0.0,,0.0,,,,,,1.0,0
2025,1,1,3,2025-01-01,OH,5185,DCA,VA,ORF,VA,2042,2033.0,-9.0,0.0,17.0,2138,2119.0,-19.0,0.0,3.0,56.0,46.0,26.0,142.0,0.0,,0.0,,,,,,10.0,0
2025,1,1,3,2025-01-01,OH,5188,DCA,VA,ALB,NY,2207,2200.0,-7.0,0.0,16.0,2334,2316.0,-18.0,0.0,3.0,87.0,76.0,57.0,318.0,0.0,,0.0,,,,,,11.0,0
2025,1,1,3,2025-01-01,OH,5200,DCA,VA,MSY,LA,1300,1257.0,-3.0,0.0,12.0,1509,1456.0,-13.0,0.0,2.0,189.0,179.0,165.0,969.0,0.0,,0.0,,,,,,10.0,0
2025,1,1,3,2025-01-01,OH,5209,DCA,VA,ROC,NY,1527,1518.0,-9.0,0.0,20.0,1650,1633.0,-17.0,0.0,3.0,83.0,75.0,52.0,296.0,0.0,,0.0,,,,,,8.0,0
2025,1,1,3,2025-01-01,OH,5217,DCA,VA,RDU,NC,823,812.0,-11.0,0.0,31.0,949,932.0,-17.0,0.0,4.0,86.0,80.0,45.0,227.0,0.0,,0.0,,,,,,6.0,0
2025,1,1,3,2025-01-01,OH,5226,DCA,VA,CLE,OH,1659,1649.0,-10.0,0.0,17.0,1827,1806.0,-21.0,0.0,6.0,88.0,77.0,54.0,310.0,0.0,,0.0,,,,,,11.0,0
2025,1,1,3,2025-01-01,OH,5236,DCA,VA,HPN,NY,1645,1638.0,-7.0,0.0,11.0,1807,1741.0,-26.0,0.0,3.0,82.0,63.0,49.0,234.0,0.0,,0.0,,,,,,19.0,0
2025,1,1,3,2025-01-01,OH,5243,DCA,VA,BUF,NY,2216,2211.0,-5.0,0.0,15.0,2346,2323.0,-23.0,0.0,4.0,90.0,72.0,53.0,296.0,0.0,,0.0,,,,,,18.0,0
2025,1,1,3,2025-01-01,OH,5254,DCA,VA,HPN,NY,1319,1309.0,-10.0,0.0,15.0,1440,1416.0,-24.0,0.0,3.0,81.0,67.0,49.0,234.0,0.0,,0.0,,,,,,14.0,0
2025,1,1,3,2025-01-01,OH,5260,DCA,VA,SAV,GA,825,815.0,-10.0,0.0,59.0,1041,1047.0,6.0,0.0,5.0,136.0,152.0,88.0,519.0,0.0,,0.0,,,,,,-16.0,0
2025,1,1,3,2025-01-01,OH,5278,DCA,VA,PNS,FL,1346,1339.0,-7.0,0.0,15.0,1526,1514.0,-12.0,0.0,3.0,160.0,155.0,137.0,816.0,0.0,,0.0,,,,,,5.0,0
2025,1,1,3,2025-01-01,OH,5279,DCA,VA,MYR,SC,820,816.0,-4.0,0.0,59.0,1003,1026.0,23.0,1.0,2.0,103.0,130.0,69.0,372.0,0.0,,0.0,0.0,0.0,23.0,0.0,0.0,-27.0,1
2025,1,1,3,2025-01-01,OH,5283,DCA,VA,MHT,NH,2214,2203.0,-11.0,0.0,32.0,2355,2342.0,-13.0,0.0,5.0,101.0,99.0,62.0,406.0,0.0,,0.0,,,,,,2.0,0
2025,1,1,3,2025-01-01,OH,5284,DCA,VA,PHL,PA,630,620.0,-10.0,0.0,20.0,737,712.0,-25.0,0.0,5.0,67.0,52.0,27.0,119.0,0.0,,0.0,,,,,,15.0,0
2025,1,1,3,2025-01-01,OH,5286,DCA,VA,ILM,NC,1720,1716.0,-4.0,0.0,20.0,1848,1838.0,-10.0,0.0,5.0,88.0,82.0,57.0,319.0,0.0,,0.0,,,,,,6.0,0
2025,1,1,3,2025-01-01,OH,5287,DCA,VA,SYR,NY,2220,2210.0,-10.0,0.0,15.0,2347,2324.0,-23.0,0.0,5.0,87.0,74.0,54.0,298.0,0.0,,0.0,,,,,,13.0,0
2025,1,1,3,2025-01-01,OH,5289,DCA,VA,HPN,NY,1845,1838.0,-7.0,0.0,20.0,2003,1951.0,-12.0,0.0,2.0,78.0,73.0,51.0,234.0,0.0,,0.0,,,,,,5.0,0
2025,1,1,3,2025-01-01,OH,5295,DCA,VA,BHM,AL,1355,1346.0,-9.0,0.0,17.0,1509,1504.0,-5.0,0.0,7.0,134.0,138.0,114.0,653.0,0.0,,0.0,,,,,,-4.0,0
2025,1,1,3,2025-01-01,OH,5305,DCA,VA,CAK,OH,1955,1943.0,-12.0,0.0,17.0,2120,2057.0,-23.0,0.0,5.0,85.0,74.0,52.0,274.0,0.0,,0.0,,,,,,11.0,0
2025,1,1,3,2025-01-01,OH,5307,DCA,VA,MEM,TN,1443,1434.0,-9.0,0.0,21.0,1620,1615.0,-5.0,0.0,4.0,157.0,161.0,136.0,762.0,0.0,,0.0,,,,,,-4.0,0
2025,1,1,3,2025-01-01,OH,5308,DCA,VA,MHT,NH,1510,1651.0,101.0,1.0,23.0,1650,1820.0,90.0,1.0,4.0,100.0,89.0,62.0,406.0,0.0,,0.0,90.0,0.0,0.0,0.0,0.0,11.0,1
2025,1,1,3,2025-01-01,OH,5325,DCA,VA,BTV,VT,959,952.0,-7.0,0.0,31.0,1145,1150.0,5.0,0.0,5.0,106.0,118.0,82.0,437.0,0.0,,0.0,,,,,,-12.0,0
2025,1,1,3,2025-01-01,OH,5334,DCA,VA,CVG,KY,1010,958.0,-12.0,0.0,19.0,1211,1140.0,-31.0,0.0,7.0,121.0,102.0,76.0,411.0,0.0,,0.0,,,,,,19.0,0
2025,1,1,3,2025-01-01,OH,5340,DCA,VA,ORF,VA,812,801.0,-11.0,0.0,27.0,922,902.0,-20.0,0.0,2.0,70.0,61.0,32.0,142.0,0.0,,0.0,,,,,,9.0,0
2025,1,1,3,2025-01-01,OH,5354,DCA,VA,GSO,NC,1745,1738.0,-7.0,0.0,20.0,1901,1853.0,-8.0,0.0,6.0,76.0,75.0,49.0,248.0,0.0,,0.0,,,,,,1.0,0
2025,1,1,3,2025-01-01,OH,5357,DCA,VA,SAV,GA,1705,1656.0,-9.0,0.0,19.0,1907,1849.0,-18.0,0.0,5.0,122.0,113.0,89.0,519.0,0.0,,0.0,,,,,,9.0,0
2025,1,1,3,2025-01-01,OH,5368,DCA,VA,HSV,AL,1653,1642.0,-11.0,0.0,12.0,1803,1750.0,-13.0,0.0,3.0,130.0,128.0,113.0,613.0,0.0,,0.0,,,,,,2.0,0
2025,1,1,3,2025-01-01,OH,5384,DCA,VA,SAV,GA,1945,1937.0,-8.0,0.0,17.0,2148,2131.0,-17.0,0.0,5.0,123.0,114.0,92.0,519.0,0.0,,0.0,,,,,,9.0,0
2025,1,1,3,2025-01-01,OH,5388,DCA,VA,DSM,IA,1000,952.0,-8.0,0.0,20.0,1148,1137.0,-11.0,0.0,5.0,168.0,165.0,140.0,897.0,0.0,,0.0,,,,,,3.0,0
2025,1,1,3,2025-01-01,OH,5399,DCA,VA,BTV,VT,1213,1207.0,-6.0,0.0,19.0,1351,1342.0,-9.0,0.0,5.0,98.0,95.0,71.0,437.0,0.0,,0.0,,,,,,3.0,0
2025,1,1,3,2025-01-01,OH,5404,DCA,VA,MSP,MN,2200,2155.0,-5.0,0.0,14.0,2358,2324.0,-34.0,0.0,2.0,178.0,149.0,133.0,931.0,0.0,,0.0,,,,,,29.0,0
2025,1,1,3,2025-01-01,OH,5407,DCA,VA,SYR,NY,1535,1524.0,-11.0,0.0,22.0,1655,1642.0,-13.0,0.0,3.0,80.0,78.0,53.0,298.0,0.0,,0.0,,,,,,2.0,0
2025,1,1,3,2025-01-01,OH,5410,DCA,VA,CID,IA,1009,1003.0,-6.0,0.0,24.0,1155,1135.0,-20.0,0.0,4.0,166.0,152.0,124.0,801.0,0.0,,0.0,,,,,,14.0,0
2025,1,1,3,2025-01-01,OH,5422,DCA,VA,PWM,ME,2212,2205.0,-7.0,0.0,14.0,2355,2330.0,-25.0,0.0,4.0,103.0,85.0,67.0,482.0,0.0,,0.0,,,,,,18.0,0
2025,1,1,3,2025-01-01,OH,5446,DCA,VA,DTW,MI,2208,2200.0,-8.0,0.0,23.0,2356,2353.0,-3.0,0.0,13.0,108.0,113.0,77.0,405.0,0.0,,0.0,,,,,,-5.0,0
2025,1,1,3,2025-01-01,OH,5462,DCA,VA,VPS,FL,816,840.0,24.0,1.0,29.0,1005,1024.0,19.0,1.0,4.0,169.0,164.0,131.0,789.0,0.0,,0.0,19.0,0.0,0.0,0.0,0.0,5.0,1
2025,1,1,3,2025-01-01,OH,5469,DCA,VA,PWM,ME,1207,1204.0,-3.0,0.0,23.0,1344,1336.0,-8.0,0.0,2.0,97.0,92.0,67.0,482.0,0.0,,0.0,,,,,,5.0,0
2025,1,1,3,2025-01-01,OH,5473,DCA,VA,DAY,OH,2200,2149.0,-11.0,0.0,18.0,2344,2324.0,-20.0,0.0,6.0,104.0,95.0,71.0,391.0,0.0,,0.0,,,,,,9.0,0
2025,1,1,3,2025-01-01,OH,5484,DCA,VA,TYS,TN,1954,2056.0,62.0,1.0,19.0,2142,2236.0,54.0,1.0,4.0,108.0,100.0,77.0,437.0,0.0,,0.0,54.0,0.0,0.0,0.0,0.0,8.0,1
2025,1,1,3,2025-01-01,OH,5508,DCA,VA,BDL,CT,959,1028.0,29.0,1.0,17.0,1127,1153.0,26.0,1.0,5.0,88.0,85.0,63.0,313.0,0.0,,0.0,26.0,0.0,0.0,0.0,0.0,3.0,1
2025,1,1,3,2025-01-01,OH,5521,DCA,VA,JAX,FL,739,733.0,-6.0,0.0,22.0,951,942.0,-9.0,0.0,5.0,132.0,129.0,102.0,634.0,0.0,,0.0,,,,,,3.0,0
2025,1,1,3,2025-01-01,OH,5527,DCA,VA,ATL,GA,1432,1426.0,-6.0,0.0,20.0,1632,1635.0,3.0,0.0,6.0,120.0,129.0,103.0,547.0,0.0,,0.0,,,,,,-9.0,0
2025,1,1,3,2025-01-01,OH,5532,DCA,VA,MYR,SC,1730,1721.0,-9.0,0.0,23.0,1908,1858.0,-10.0,0.0,3.0,98.0,97.0,71.0,372.0,0.0,,0.0,,,,,,1.0,0
2025,1,1,3,2025-01-01,OH,5544,DCA,VA,PNS,FL,1954,1942.0,-12.0,0.0,20.0,2139,2131.0,-8.0,0.0,7.0,165.0,169.0,142.0,816.0,0.0,,0.0,,,,,,-4.0,0
2025,1,1,3,2025-01-01,OH,5545,DCA,VA,DAY,OH,1248,1240.0,-8.0,0.0,17.0,1424,1418.0,-6.0,0.0,7.0,96.0,98.0,74.0,391.0,0.0,,0.0,,,,,,-2.0,0
2025,1,1,3,2025-01-01,OH,5552,DCA,VA,PIT,PA,822,818.0,-4.0,0.0,27.0,940,935.0,-5.0,0.0,6.0,78.0,77.0,44.0,204.0,0.0,,0.0,,,,,,1.0,0
2025,1,1,3,2025-01-01,OH,5565,DCA,VA,ORF,VA,2201,2152.0,-9.0,0.0,19.0,2304,2247.0,-17.0,0.0,3.0,63.0,55.0,33.0,142.0,0.0,,0.0,,,,,,8.0,0
2025,1,1,3,2025-01-01,OH,5576,DCA,VA,GSP,SC,2006,1955.0,-11.0,0.0,15.0,2152,2130.0,-22.0,0.0,4.0,106.0,95.0,76.0,396.0,0.0,,0.0,,,,,,11.0,0
2025,1,1,3,2025-01-01,OH,5579,DCA,VA,MSN,WI,1135,1125.0,-10.0,0.0,23.0,1248,1239.0,-9.0,0.0,5.0,133.0,134.0,106.0,707.0,0.0,,0.0,,,,,,-1.0,0
2025,1,1,3,2025-01-01,OH,5593,DCA,VA,MSP,MN,1334,1337.0,3.0,0.0,19.0,1519,1519.0,0.0,0.0,4.0,165.0,162.0,139.0,931.0,0.0,,0.0,,,,,,3.0,0
2025,1,1,3,2025-01-01,OH,5597,DCA,VA,TLH,FL,1946,2056.0,70.0,1.0,20.0,2213,2316.0,63.0,1.0,3.0,147.0,140.0,117.0,716.0,0.0,,0.0,3.0,0.0,0.0,0.0,60.0,7.0,1
2025,1,1,3,2025-01-01,OH,5608,DCA,VA,TUL,OK,1432,1425.0,-7.0,0.0,24.0,1646,1644.0,-2.0,0.0,4.0,194.0,199.0,171.0,1049.0,0.0,,0.0,,,,,,-5.0,0
2025,1,1,3,2025-01-01,OH,5609,DCA,VA,ROC,NY,2211,2214.0,3.0,0.0,23.0,2343,2332.0,-11.0,0.0,3.0,92.0,78.0,52.0,296.0,0.0,,0.0,,,,,,14.0,0
2025,1,1,3,2025-01-01,OH,5624,DCA,VA,PHL,PA,1148,1152.0,4.0,0.0,19.0,1252,1248.0,-4.0,0.0,4.0,64.0,56.0,33.0,119.0,0.0,,0.0,,,,,,8.0,0
2025,1,1,3,2025-01-01,OH,5637,DCA,VA,MKE,WI,1140,1135.0,-5.0,0.0,16.0,1248,1231.0,-17.0,0.0,4.0,128.0,116.0,96.0,634.0,0.0,,0.0,,,,,,12.0,0
2025,1,1,3,2025-01-01,OH,5664,DCA,VA,CAE,SC,1959,1954.0,-5.0,0.0,24.0,2145,2135.0,-10.0,0.0,4.0,106.0,101.0,73.0,408.0,0.0,,0.0,,,,,,5.0,0
2025,1,1,3,2025-01-01,OH,5669,DCA,VA,BGR,ME,2201,2150.0,-11.0,0.0,14.0,2352,2329.0,-23.0,0.0,7.0,111.0,99.0,78.0,590.0,0.0,,0.0,,,,,,12.0,0
2025,1,1,3,2025-01-01,OH,5670,DCA,VA,BTV,VT,1455,1449.0,-6.0,0.0,21.0,1636,1617.0,-19.0,0.0,3.0,101.0,88.0,64.0,437.0,0.0,,0.0,,,,,,13.0,0
2025,1,1,3,2025-01-01,OH,5673,DCA,VA,CVG,KY,1954,2127.0,93.0,1.0,18.0,2142,2309.0,87.0,1.0,10.0,108.0,102.0,74.0,411.0,0.0,,0.0,87.0,0.0,0.0,0.0,0.0,6.0,1
2025,1,1,3,2025-01-01,OH,5024,DCA,VA,BGR,ME,1445,1445.0,0.0,0.0,39.0,1636,1645.0,9.0,0.0,5.0,111.0,120.0,76.0,590.0,0.0,,0.0,,,,,,-9.0,0
2025,1,1,3,2025-01-01,OH,5029,DCA,VA,BNA,TN,1359,1347.0,-12.0,0.0,30.0,1500,1511.0,11.0,0.0,6.0,121.0,144.0,108.0,562.0,0.0,,0.0,,,,,,-23.0,0
2025,1,1,3,2025-01-01,OH,5033,DCA,VA,CLT,NC,1331,1335.0,4.0,0.0,16.0,1510,1527.0,17.0,1.0,31.0,99.0,112.0,65.0,331.0,0.0,,0.0,4.0,0.0,13.0,0.0,0.0,-13.0,1
2025,1,1,3,2025-01-01,UA,2148,DCA,VA,ORD,IL,1800,1809.0,9.0,0.0,15.0,1918,1929.0,11.0,0.0,23.0,138.0,140.0,102.0,612.0,0.0,,0.0,,,,,,-2.0,0
2025,1,1,3,2025-01-01,UA,2144,DCA,VA,ORD,IL,1300,1304.0,4.0,0.0,11.0,1418,1415.0,-3.0,0.0,15.0,138.0,131.0,105.0,612.0,0.0,,0.0,,,,,,7.0,0
2025,1,1,3,2025-01-01,UA,2104,DCA,VA,DEN,CO,1613,1617.0,4.0,0.0,11.0,1825,1810.0,-15.0,0.0,9.0,252.0,233.0,213.0,1476.0,0.0,,0.0,,,,,,19.0,0
2025,1,1,3,2025-01-01,UA,1793,DCA,VA,ORD,IL,630,626.0,-4.0,0.0,11.0,748,722.0,-26.0,0.0,7.0,138.0,116.0,98.0,612.0,0.0,,0.0,,,,,,22.0,0
2025,1,1,3,2025-01-01,UA,1457,DCA,VA,IAH,TX,1100,1058.0,-2.0,0.0,14.0,1340,1345.0,5.0,0.0,8.0,220.0,227.0,205.0,1208.0,0.0,,0.0,,,,,,-7.0,0
2025,1,1,3,2025-01-01,UA,1316,DCA,VA,ORD,IL,830,823.0,-7.0,0.0,28.0,948,944.0,-4.0,0.0,13.0,138.0,141.0,100.0,612.0,0.0,,0.0,,,,,,-3.0,0
2025,1,1,3,2025-01-01,UA,1179,DCA,VA,IAH,TX,1633,1630.0,-3.0,0.0,16.0,1910,1912.0,2.0,0.0,10.0,217.0,222.0,196.0,1208.0,0.0,,0.0,,,,,,-5.0,0
2025,1,1,3,2025-01-01,UA,698,DCA,VA,SFO,CA,1759,1753.0,-6.0,0.0,15.0,2114,2058.0,-16.0,0.0,5.0,375.0,365.0,345.0,2442.0,0.0,,0.0,,,,,,10.0,0
2025,1,1,3,2025-01-01,UA,382,DCA,VA,IAH,TX,1235,1229.0,-6.0,0.0,13.0,1520,1514.0,-6.0,0.0,9.0,225.0,225.0,203.0,1208.0,0.0,,0.0,,,,,,0.0,0
2025,1,1,3,2025-01-01,UA,231,DCA,VA,IAH,TX,600,554.0,-6.0,0.0,24.0,843,848.0,5.0,0.0,9.0,223.0,234.0,201.0,1208.0,0.0,,0.0,,,,,,-11.0,0
2025,1,1,3,2025-01-01,UA,230,DCA,VA,ORD,IL,1700,1654.0,-6.0,0.0,9.0,1818,1830.0,12.0,0.0,45.0,138.0,156.0,102.0,612.0,0.0,,0.0,,,,,,-18.0,0
2025,1,1,3,2025-01-01,WN,565,DCA,VA,ATL,GA,605,606.0,1.0,0.0,20.0,805,801.0,-4.0,0.0,4.0,120.0,115.0,91.0,547.0,0.0,,0.0,,,,,,5.0,0
2025,1,1,3,2025-01-01,WN,1892,DCA,VA,ATL,GA,1000,1003.0,3.0,0.0,15.0,1155,1155.0,0.0,0.0,5.0,115.0,112.0,92.0,547.0,0.0,,0.0,,,,,,3.0,0
2025,1,1,3,2025-01-01,WN,3168,DCA,VA,ATL,GA,1555,1559.0,4.0,0.0,17.0,1755,1757.0,2.0,0.0,7.0,120.0,118.0,94.0,547.0,0.0,,0.0,,,,,,2.0,0
2025,1,1,3,2025-01-01,WN,4199,DCA,VA,ATL,GA,1900,1901.0,1.0,0.0,10.0,2055,2054.0,-1.0,0.0,7.0,115.0,113.0,96.0,547.0,0.0,,0.0,,,,,,2.0,0
2025,1,1,3,2025-01-01,WN,1473,DCA,VA,AUS,TX,1750,1851.0,61.0,1.0,12.0,2040,2150.0,70.0,1.0,3.0,230.0,239.0,224.0,1315.0,0.0,,0.0,61.0,0.0,9.0,0.0,0.0,-9.0,1
2025,1,1,3,2025-01-01,WN,742,DCA,VA,BNA,TN,600,553.0,-7.0,0.0,13.0,705,649.0,-16.0,0.0,6.0,125.0,116.0,97.0,562.0,0.0,,0.0,,,,,,9.0,0
2025,1,1,3,2025-01-01,WN,1530,DCA,VA,BNA,TN,1055,1218.0,83.0,1.0,14.0,1150,1318.0,88.0,1.0,4.0,115.0,120.0,102.0,562.0,0.0,,0.0,0.0,0.0,5.0,0.0,83.0,-5.0,1
2025,1,1,3,2025-01-01,WN,1693,DCA,VA,BNA,TN,1905,1904.0,-1.0,0.0,20.0,2005,2005.0,0.0,0.0,5.0,120.0,121.0,96.0,562.0,0.0,,0.0,,,,,,-1.0,0
2025,1,1,3,2025-01-01,WN,3112,DCA,VA,BNA,TN,1500,1504.0,4.0,0.0,11.0,1600,1558.0,-2.0,0.0,4.0,120.0,114.0,99.0,562.0,0.0,,0.0,,,,,,6.0,0
2025,1,1,3,2025-01-01,WN,2644,DCA,VA,CMH,OH,1330,1331.0,1.0,0.0,9.0,1450,1441.0,-9.0,0.0,4.0,80.0,70.0,57.0,323.0,0.0,,0.0,,,,,,10.0,0
2025,1,1,3,2025-01-01,WN,485,DCA,VA,DAL,TX,1150,1232.0,42.0,1.0,17.0,1415,1517.0,62.0,1.0,4.0,205.0,225.0,204.0,1184.0,0.0,,0.0,33.0,0.0,20.0,0.0,9.0,-20.0,1
2025,1,1,3,2025-01-01,WN,594,DCA,VA,DAL,TX,610,611.0,1.0,0.0,14.0,835,841.0,6.0,0.0,4.0,205.0,210.0,192.0,1184.0,0.0,,0.0,,,,,,-5.0,0
2025,1,1,3,2025-01-01,WN,1494,DCA,VA,DAL,TX,1720,1729.0,9.0,0.0,14.0,1950,2008.0,18.0,1.0,4.0,210.0,219.0,201.0,1184.0,0.0,,0.0,9.0,0.0,9.0,0.0,0.0,-9.0,1
2025,1,1,3,2025-01-01,WN,1496,DCA,VA,DAL,TX,1400,1358.0,-2.0,0.0,9.0,1635,1617.0,-18.0,0.0,2.0,215.0,199.0,188.0,1184.0,0.0,,0.0,,,,,,16.0,0
2025,1,1,3,2025-01-01,WN,4388,DCA,VA,DAL,TX,2055,2056.0,1.0,0.0,10.0,2320,2310.0,-10.0,0.0,3.0,205.0,194.0,181.0,1184.0,0.0,,0.0,,,,,,11.0,0
2025,1,1,3,2025-01-01,WN,4867,DCA,VA,FLL,FL,1000,958.0,-2.0,0.0,16.0,1235,1232.0,-3.0,0.0,5.0,155.0,154.0,133.0,899.0,0.0,,0.0,,,,,,1.0,0
2025,1,1,3,2025-01-01,WN,504,DCA,VA,HOU,TX,600,555.0,-5.0,0.0,27.0,840,845.0,5.0,0.0,4.0,220.0,230.0,199.0,1218.0,0.0,,0.0,,,,,,-10.0,0
2025,1,1,3,2025-01-01,WN,2992,DCA,VA,HOU,TX,1855,1917.0,22.0,1.0,13.0,2130,2136.0,6.0,0.0,3.0,215.0,199.0,183.0,1218.0,0.0,,0.0,,,,,,16.0,0
2025,1,1,3,2025-01-01,WN,3400,DCA,VA,HOU,TX,1500,1513.0,13.0,0.0,17.0,1740,1805.0,25.0,1.0,3.0,220.0,232.0,212.0,1218.0,0.0,,0.0,13.0,0.0,12.0,0.0,0.0,-12.0,1
2025,1,1,3,2025-01-01,WN,416,DCA,VA,MCI,MO,605,602.0,-3.0,0.0,30.0,755,805.0,10.0,0.0,7.0,170.0,183.0,146.0,949.0,0.0,,0.0,,,,,,-13.0,0
2025,1,1,3,2025-01-01,WN,1403,DCA,VA,MCI,MO,1655,1707.0,12.0,0.0,11.0,1845,1847.0,2.0,0.0,4.0,170.0,160.0,145.0,949.0,0.0,,0.0,,,,,,10.0,0
2025,1,1,3,2025-01-01,WN,4805,DCA,VA,MCI,MO,1250,1248.0,-2.0,0.0,12.0,1440,1429.0,-11.0,0.0,4.0,170.0,161.0,145.0,949.0,0.0,,0.0,,,,,,9.0,0
2025,1,1,3,2025-01-01,WN,400,DCA,VA,MCO,FL,1945,1941.0,-4.0,0.0,6.0,2215,2200.0,-15.0,0.0,6.0,150.0,139.0,127.0,759.0,0.0,,0.0,,,,,,11.0,0
2025,1,1,3,2025-01-01,WN,939,DCA,VA,MCO,FL,655,651.0,-4.0,0.0,15.0,930,911.0,-19.0,0.0,5.0,155.0,140.0,120.0,759.0,0.0,,0.0,,,,,,15.0,0
2025,1,1,3,2025-01-01,WN,1255,DCA,VA,MCO,FL,1305,1336.0,31.0,1.0,14.0,1535,1606.0,31.0,1.0,13.0,150.0,150.0,123.0,759.0,0.0,,0.0,4.0,0.0,0.0,0.0,27.0,0.0,1
2025,1,1,3,2025-01-01,WN,574,DCA,VA,MDW,IL,925,919.0,-6.0,0.0,10.0,1030,1012.0,-18.0,0.0,4.0,125.0,113.0,99.0,601.0,0.0,,0.0,,,,,,12.0,0
2025,1,1,3,2025-01-01,WN,940,DCA,VA,MDW,IL,655,652.0,-3.0,0.0,19.0,805,758.0,-7.0,0.0,8.0,130.0,126.0,99.0,601.0,0.0,,0.0,,,,,,4.0,0
2025,1,1,3,2025-01-01,WN,1542,DCA,VA,MDW,IL,1505,1504.0,-1.0,0.0,18.0,1615,1604.0,-11.0,0.0,5.0,130.0,120.0,97.0,601.0,0.0,,0.0,,,,,,10.0,0
2025,1,1,3,2025-01-01,WN,1679,DCA,VA,MDW,IL,1835,1834.0,-1.0,0.0,13.0,1940,1930.0,-10.0,0.0,6.0,125.0,116.0,97.0,601.0,0.0,,0.0,,,,,,9.0,0
2025,1,1,3,2025-01-01,WN,2080,DCA,VA,MDW,IL,2115,2109.0,-6.0,0.0,15.0,2215,2208.0,-7.0,0.0,6.0,120.0,119.0,98.0,601.0,0.0,,0.0,,,,,,1.0,0
2025,1,1,3,2025-01-01,WN,3094,DCA,VA,MDW,IL,1145,1159.0,14.0,0.0,10.0,1250,1250.0,0.0,0.0,6.0,125.0,111.0,95.0,601.0,0.0,,0.0,,,,,,14.0,0
2025,1,1,3,2025-01-01,WN,621,DCA,VA,MKE,WI,725,718.0,-7.0,0.0,13.0,830,818.0,-12.0,0.0,5.0,125.0,120.0,102.0,634.0,0.0,,0.0,,,,,,5.0,0
2025,1,1,3,2025-01-01,WN,2818,DCA,VA,MKE,WI,1630,1658.0,28.0,1.0,9.0,1735,1755.0,20.0,1.0,7.0,125.0,117.0,101.0,634.0,0.0,,0.0,6.0,0.0,0.0,0.0,14.0,8.0,1
2025,1,1,3,2025-01-01,WN,3425,DCA,VA,MSY,LA,1300,1315.0,15.0,1.0,12.0,1455,1512.0,17.0,1.0,4.0,175.0,177.0,161.0,969.0,0.0,,0.0,15.0,0.0,2.0,0.0,0.0,-2.0,1
2025,1,1,3,2025-01-01,WN,4054,DCA,VA,MSY,LA,1930,1929.0,-1.0,0.0,17.0,2125,2136.0,11.0,0.0,3.0,175.0,187.0,167.0,969.0,0.0,,0.0,,,,,,-12.0,0
2025,1,1,3,2025-01-01,WN,1460,DCA,VA,OKC,OK,1555,1552.0,-3.0,0.0,11.0,1820,1804.0,-16.0,0.0,4.0,205.0,192.0,177.0,1158.0,0.0,,0.0,,,,,,13.0,0
2025,1,1,3,2025-01-01,WN,3029,DCA,VA,OMA,NE,1640,1656.0,16.0,1.0,8.0,1830,1838.0,8.0,0.0,2.0,170.0,162.0,152.0,1012.0,0.0,,0.0,,,,,,8.0,0
2025,1,1,3,2025-01-01,WN,2869,DCA,VA,PVD,RI,1655,1709.0,14.0,0.0,11.0,1815,1820.0,5.0,0.0,6.0,80.0,71.0,54.0,356.0,0.0,,0.0,,,,,,9.0,0
2025,1,1,3,2025-01-01,WN,5021,DCA,VA,PVD,RI,1150,1150.0,0.0,0.0,9.0,1310,1302.0,-8.0,0.0,5.0,80.0,72.0,58.0,356.0,0.0,,0.0,,,,,,8.0,0
2025,1,1,3,2025-01-01,WN,1401,DCA,VA,STL,MO,845,842.0,-3.0,0.0,27.0,1015,1015.0,0.0,0.0,4.0,150.0,153.0,122.0,719.0,0.0,,0.0,,,,,,-3.0,0
2025,1,1,3,2025-01-01,WN,1539,DCA,VA,STL,MO,1230,1230.0,0.0,0.0,11.0,1350,1337.0,-13.0,0.0,4.0,140.0,127.0,112.0,719.0,0.0,,0.0,,,,,,13.0,0
2025,1,1,3,2025-01-01,WN,3085,DCA,VA,STL,MO,1520,1513.0,-7.0,0.0,14.0,1645,1635.0,-10.0,0.0,4.0,145.0,142.0,124.0,719.0,0.0,,0.0,,,,,,3.0,0
2025,1,1,3,2025-01-01,WN,3950,DCA,VA,STL,MO,1805,1803.0,-2.0,0.0,7.0,1930,1918.0,-12.0,0.0,4.0,145.0,135.0,124.0,719.0,0.0,,0.0,,,,,,10.0,0
2025,1,1,3,2025-01-01,WN,454,DCA,VA,TPA,FL,730,726.0,-4.0,0.0,15.0,1000,956.0,-4.0,0.0,4.0,150.0,150.0,131.0,814.0,0.0,,0.0,,,,,,0.0,0
2025,1,1,3,2025-01-01,WN,2939,DCA,VA,TPA,FL,1135,1133.0,-2.0,0.0,17.0,1405,1406.0,1.0,0.0,3.0,150.0,153.0,133.0,814.0,0.0,,0.0,,,,,,-3.0,0
2025,1,1,3,2025-01-01,YX,3544,DCA,VA,ORD,IL,1030,1020.0,-10.0,0.0,19.0,1158,1133.0,-25.0,0.0,12.0,148.0,133.0,102.0,612.0,0.0,,0.0,,,,,,15.0,0
2025,1,1,3,2025-01-01,YX,3488,DCA,VA,ORD,IL,1900,1858.0,-2.0,0.0,12.0,2025,2017.0,-8.0,0.0,22.0,145.0,139.0,105.0,612.0,0.0,,0.0,,,,,,6.0,0
2025,1,1,3,2025-01-01,YX,3475,DCA,VA,EWR,NJ,700,655.0,-5.0,0.0,9.0,823,809.0,-14.0,0.0,22.0,83.0,74.0,43.0,199.0,0.0,,0.0,,,,,,9.0,0
2025,1,1,3,2025-01-01,YX,4358,DCA,VA,STL,MO,2010,2022.0,12.0,0.0,14.0,2145,2145.0,0.0,0.0,5.0,155.0,143.0,124.0,719.0,0.0,,0.0,,,,,,12.0,0
2025,1,1,3,2025-01-01,YX,4364,DCA,VA,PHL,PA,1644,1639.0,-5.0,0.0,29.0,1749,1803.0,14.0,0.0,4.0,65.0,84.0,51.0,119.0,0.0,,0.0,,,,,,-19.0,0
2025,1,1,3,2025-01-01,YX,4377,DCA,VA,LGA,NY,1000,1011.0,11.0,0.0,21.0,1112,1120.0,8.0,0.0,6.0,72.0,69.0,42.0,214.0,0.0,,0.0,,,,,,3.0,0
2025,1,1,3,2025-01-01,YX,4379,DCA,VA,JFK,NY,638,720.0,42.0,1.0,16.0,800,841.0,41.0,1.0,12.0,82.0,81.0,53.0,213.0,0.0,,0.0,41.0,0.0,0.0,0.0,0.0,1.0,1
2025,1,1,3,2025-01-01,YX,4394,DCA,VA,RDU,NC,1356,1348.0,-8.0,0.0,24.0,1516,1504.0,-12.0,0.0,6.0,80.0,76.0,46.0,227.0,0.0,,0.0,,,,,,4.0,0
2025,1,1,3,2025-01-01,YX,4396,DCA,VA,CMH,OH,1525,1521.0,-4.0,0.0,23.0,1657,1703.0,6.0,0.0,10.0,92.0,102.0,69.0,323.0,0.0,,0.0,,,,,,-10.0,0
2025,1,1,3,2025-01-01,YX,4426,DCA,VA,ATL,GA,819,814.0,-5.0,0.0,26.0,1037,1026.0,-11.0,0.0,6.0,138.0,132.0,100.0,547.0,0.0,,0.0,,,,,,6.0,0
2025,1,1,3,2025-01-01,YX,4429,DCA,VA,ATL,GA,1735,1722.0,-13.0,0.0,31.0,1944,1946.0,2.0,0.0,12.0,129.0,144.0,101.0,547.0,0.0,,0.0,,,,,,-15.0,0
2025,1,1,3,2025-01-01,YX,4442,DCA,VA,JFK,NY,1213,1215.0,2.0,0.0,21.0,1332,1327.0,-5.0,0.0,8.0,79.0,72.0,43.0,213.0,0.0,,0.0,,,,,,7.0,0
2025,1,1,3,2025-01-01,YX,4454,DCA,VA,LGA,NY,2215,2211.0,-4.0,0.0,28.0,2333,2329.0,-4.0,0.0,5.0,78.0,78.0,45.0,214.0,0.0,,0.0,,,,,,0.0,0
2025,1,1,3,2025-01-01,YX,4456,DCA,VA,BOS,MA,1945,1936.0,-9.0,0.0,30.0,2126,2114.0,-12.0,0.0,8.0,101.0,98.0,60.0,399.0,0.0,,0.0,,,,,,3.0,0
2025,1,1,3,2025-01-01,YX,4465,DCA,VA,PVD,RI,1515,1516.0,1.0,0.0,40.0,1642,1656.0,14.0,0.0,4.0,87.0,100.0,56.0,356.0,0.0,,0.0,,,,,,-13.0,0
2025,1,1,3,2025-01-01,YX,4468,DCA,VA,PHL,PA,2220,2218.0,-2.0,0.0,26.0,2333,2321.0,-12.0,0.0,6.0,73.0,63.0,31.0,119.0,0.0,,0.0,,,,,,10.0,0
2025,1,1,3,2025-01-01,YX,4473,DCA,VA,VPS,FL,959,949.0,-10.0,0.0,14.0,1142,1126.0,-16.0,0.0,5.0,163.0,157.0,138.0,789.0,0.0,,0.0,,,,,,6.0,0
2025,1,1,3,2025-01-01,YX,4481,DCA,VA,PIT,PA,1953,1940.0,-13.0,0.0,19.0,2111,2048.0,-23.0,0.0,10.0,78.0,68.0,39.0,204.0,0.0,,0.0,,,,,,10.0,0
2025,1,1,3,2025-01-01,YX,4486,DCA,VA,CHS,SC,1342,1349.0,7.0,0.0,25.0,1533,1555.0,22.0,1.0,10.0,111.0,126.0,91.0,444.0,0.0,,0.0,7.0,0.0,15.0,0.0,0.0,-15.0,1
2025,1,1,3,2025-01-01,YX,4492,DCA,VA,RSW,FL,1001,954.0,-7.0,0.0,18.0,1259,1242.0,-17.0,0.0,5.0,178.0,168.0,145.0,892.0,0.0,,0.0,,,,,,10.0,0
2025,1,1,3,2025-01-01,YX,4497,DCA,VA,RDU,NC,1515,1511.0,-4.0,0.0,23.0,1639,1626.0,-13.0,0.0,4.0,84.0,75.0,48.0,227.0,0.0,,0.0,,,,,,9.0,0
2025,1,1,3,2025-01-01,YX,4509,DCA,VA,ROC,NY,1020,1012.0,-8.0,0.0,21.0,1200,1144.0,-16.0,0.0,18.0,100.0,92.0,53.0,296.0,0.0,,0.0,,,,,,8.0,0
2025,1,1,3,2025-01-01,YX,4516,DCA,VA,ALB,NY,1005,955.0,-10.0,0.0,21.0,1146,1121.0,-25.0,0.0,4.0,101.0,86.0,61.0,318.0,0.0,,0.0,,,,,,15.0,0
2025,1,1,3,2025-01-01,YX,4519,DCA,VA,IND,IN,2200,2148.0,-12.0,0.0,11.0,2357,2330.0,-27.0,0.0,7.0,117.0,102.0,84.0,500.0,0.0,,0.0,,,,,,15.0,0
2025,1,1,3,2025-01-01,YX,4520,DCA,VA,IND,IN,1745,1742.0,-3.0,0.0,18.0,1943,1936.0,-7.0,0.0,9.0,118.0,114.0,87.0,500.0,0.0,,0.0,,,,,,4.0,0
2025,1,1,3,2025-01-01,YX,4522,DCA,VA,JFK,NY,1251,1246.0,-5.0,0.0,10.0,1419,1350.0,-29.0,0.0,14.0,88.0,64.0,40.0,213.0,0.0,,0.0,,,,,,24.0,0
2025,1,1,3,2025-01-01,YX,4524,DCA,VA,RSW,FL,815,815.0,0.0,0.0,22.0,1114,1112.0,-2.0,0.0,6.0,179.0,177.0,149.0,892.0,0.0,,0.0,,,,,,2.0,0
2025,1,1,3,2025-01-01,YX,4530,DCA,VA,BDL,CT,1532,1522.0,-10.0,0.0,31.0,1656,1652.0,-4.0,0.0,5.0,84.0,90.0,54.0,313.0,0.0,,0.0,,,,,,-6.0,0
2025,1,1,3,2025-01-01,YX,4543,DCA,VA,MCI,MO,1434,1427.0,-7.0,0.0,13.0,1635,1617.0,-18.0,0.0,7.0,181.0,170.0,150.0,949.0,0.0,,0.0,,,,,,11.0,0
2025,1,1,3,2025-01-01,YX,4547,DCA,VA,XNA,AR,1945,1938.0,-7.0,0.0,15.0,2156,2144.0,-12.0,0.0,8.0,191.0,186.0,163.0,963.0,0.0,,0.0,,,,,,5.0,0
2025,1,1,3,2025-01-01,YX,4548,DCA,VA,PVD,RI,1003,955.0,-8.0,0.0,25.0,1133,1123.0,-10.0,0.0,5.0,90.0,88.0,58.0,356.0,0.0,,0.0,,,,,,2.0,0
2025,1,1,3,2025-01-01,YX,4571,DCA,VA,RDU,NC,1829,1822.0,-7.0,0.0,18.0,1946,1936.0,-10.0,0.0,10.0,77.0,74.0,46.0,227.0,0.0,,0.0,,,,,,3.0,0
2025,1,1,3,2025-01-01,YX,4597,DCA,VA,EYW,FL,739,733.0,-6.0,0.0,11.0,1052,1048.0,-4.0,0.0,4.0,193.0,195.0,180.0,1023.0,0.0,,0.0,,,,,,-2.0,0
2025,1,1,3,2025-01-01,YX,4614,DCA,VA,MSY,LA,820,811.0,-9.0,0.0,48.0,1045,1049.0,4.0,0.0,5.0,205.0,218.0,165.0,969.0,0.0,,0.0,,,,,,-13.0,0
2025,1,1,3,2025-01-01,YX,4618,DCA,VA,ORF,VA,1500,1501.0,1.0,0.0,24.0,1608,1559.0,-9.0,0.0,4.0,68.0,58.0,30.0,142.0,0.0,,0.0,,,,,,10.0,0
2025,1,1,3,2025-01-01,YX,4634,DCA,VA,CHS,SC,2005,1955.0,-10.0,0.0,17.0,2205,2150.0,-15.0,0.0,9.0,120.0,115.0,89.0,444.0,0.0,,0.0,,,,,,5.0,0
2025,1,1,3,2025-01-01,YX,4635,DCA,VA,BOS,MA,1040,1030.0,-10.0,0.0,19.0,1221,1200.0,-21.0,0.0,10.0,101.0,90.0,61.0,399.0,0.0,,0.0,,,,,,11.0,0
2025,1,1,3,2025-01-01,YX,4639,DCA,VA,CLE,OH,2213,2208.0,-5.0,0.0,10.0,2349,2328.0,-21.0,0.0,10.0,96.0,80.0,60.0,310.0,0.0,,0.0,,,,,,16.0,0
2025,1,1,3,2025-01-01,YX,4649,DCA,VA,BOS,MA,1555,1548.0,-7.0,0.0,20.0,1735,1714.0,-21.0,0.0,9.0,100.0,86.0,57.0,399.0,0.0,,0.0,,,,,,14.0,0
2025,1,1,3,2025-01-01,YX,4650,DCA,VA,PWM,ME,1454,1448.0,-6.0,0.0,10.0,1631,1609.0,-22.0,0.0,4.0,97.0,81.0,67.0,482.0,0.0,,0.0,,,,,,16.0,0
2025,1,1,3,2025-01-01,YX,4659,DCA,VA,MSY,LA,1459,1501.0,2.0,0.0,18.0,1709,1715.0,6.0,0.0,6.0,190.0,194.0,170.0,969.0,0.0,,0.0,,,,,,-4.0,0
2025,1,1,3,2025-01-01,YX,4672,DCA,VA,SDF,KY,1945,1939.0,-6.0,0.0,11.0,2141,2124.0,-17.0,0.0,8.0,116.0,105.0,86.0,474.0,0.0,,0.0,,,,,,11.0,0
2025,1,1,3,2025-01-01,YX,4681,DCA,VA,MEM,TN,2040,2141.0,61.0,1.0,12.0,2211,2312.0,61.0,1.0,16.0,151.0,151.0,123.0,762.0,0.0,,0.0,11.0,0.0,0.0,0.0,50.0,0.0,1
2025,1,1,3,2025-01-01,YX,4686,DCA,VA,BNA,TN,1022,1015.0,-7.0,0.0,22.0,1143,1132.0,-11.0,0.0,8.0,141.0,137.0,107.0,562.0,0.0,,0.0,,,,,,4.0,0
2025,1,1,3,2025-01-01,YX,4689,DCA,VA,JAX,FL,1945,1936.0,-9.0,0.0,21.0,2159,2153.0,-6.0,0.0,10.0,134.0,137.0,106.0,634.0,0.0,,0.0,,,,,,-3.0,0
2025,1,1,3,2025-01-01,YX,4692,DCA,VA,CHS,SC,1707,1701.0,-6.0,0.0,18.0,1903,1850.0,-13.0,0.0,5.0,116.0,109.0,86.0,444.0,0.0,,0.0,,,,,,7.0,0
2025,1,1,3,2025-01-01,YX,4694,DCA,VA,BDL,CT,1254,1254.0,0.0,0.0,23.0,1417,1416.0,-1.0,0.0,5.0,83.0,82.0,54.0,313.0,0.0,,0.0,,,,,,1.0,0
2025,1,1,3,2025-01-01,YX,4699,DCA,VA,BOS,MA,2102,2054.0,-8.0,0.0,15.0,2237,2218.0,-19.0,0.0,4.0,95.0,84.0,65.0,399.0,0.0,,0.0,,,,,,11.0,0
2025,1,1,3,2025-01-01,YX,4700,DCA,VA,CMH,OH,830,819.0,-11.0,0.0,35.0,1022,1003.0,-19.0,0.0,5.0,112.0,104.0,64.0,323.0,0.0,,0.0,,,,,,8.0,0
2025,1,1,3,2025-01-01,YX,4701,DCA,VA,IND,IN,1030,1022.0,-8.0,0.0,20.0,1235,1219.0,-16.0,0.0,7.0,125.0,117.0,90.0,500.0,0.0,,0.0,,,,,,8.0,0
2025,1,1,3,2025-01-01,YX,4720,DCA,VA,TPA,FL,828,823.0,-5.0,0.0,25.0,1124,1106.0,-18.0,0.0,3.0,176.0,163.0,135.0,814.0,0.0,,0.0,,,,,,13.0,0
2025,1,1,3,2025-01-01,YX,4728,DCA,VA,BTV,VT,2209,2159.0,-10.0,0.0,15.0,2351,2330.0,-21.0,0.0,4.0,102.0,91.0,72.0,437.0,0.0,,0.0,,,,,,11.0,0
2025,1,1,3,2025-01-01,YX,4744,DCA,VA,OKC,OK,1423,1427.0,4.0,0.0,11.0,1648,1655.0,7.0,0.0,4.0,205.0,208.0,193.0,1158.0,0.0,,0.0,,,,,,-3.0,0
2025,1,1,3,2025-01-01,YX,4758,DCA,VA,RDU,NC,2040,2036.0,-4.0,0.0,15.0,2157,2146.0,-11.0,0.0,10.0,77.0,70.0,45.0,227.0,0.0,,0.0,,,,,,7.0,0
2025,1,1,3,2025-01-01,YX,4763,DCA,VA,PIT,PA,2200,2150.0,-10.0,0.0,15.0,2310,2250.0,-20.0,0.0,6.0,70.0,60.0,39.0,204.0,0.0,,0.0,,,,,,10.0,0
2025,1,1,3,2025-01-01,YX,4806,DCA,VA,PVD,RI,2216,2226.0,10.0,0.0,17.0,2348,2346.0,-2.0,0.0,5.0,92.0,80.0,58.0,356.0,0.0,,0.0,,,,,,12.0,0
2025,1,1,3,2025-01-01,YX,5687,DCA,VA,BOS,MA,740,734.0,-6.0,0.0,19.0,920,908.0,-12.0,0.0,14.0,100.0,94.0,61.0,399.0,0.0,,0.0,,,,,,6.0,0
2025,1,1,3,2025-01-01,YX,5699,DCA,VA,JFK,NY,910,905.0,-5.0,0.0,15.0,1029,1027.0,-2.0,0.0,18.0,79.0,82.0,49.0,213.0,0.0,,0.0,,,,,,-3.0,0
2025,1,1,3,2025-01-01,YX,5713,DCA,VA,JFK,NY,1705,1713.0,8.0,0.0,21.0,1838,1832.0,-6.0,0.0,14.0,93.0,79.0,44.0,213.0,0.0,,0.0,,,,,,14.0,0
2025,1,1,3,2025-01-01,YX,5736,DCA,VA,DTW,MI,1231,1218.0,-13.0,0.0,22.0,1417,1406.0,-11.0,0.0,7.0,106.0,108.0,79.0,405.0,0.0,,0.0,,,,,,-2.0,0
2025,1,1,3,2025-01-01,YX,5772,DCA,VA,LGA,NY,800,754.0,-6.0,0.0,10.0,914,901.0,-13.0,0.0,8.0,74.0,67.0,49.0,214.0,0.0,,0.0,,,,,,7.0,0
2025,1,1,3,2025-01-01,YX,5776,DCA,VA,BOS,MA,1600,1600.0,0.0,0.0,18.0,1748,1728.0,-20.0,0.0,9.0,108.0,88.0,61.0,399.0,0.0,,0.0,,,,,,20.0,0
2025,1,1,3,2025-01-01,AA,1863,IAD,VA,DFW,TX,1715,1757.0,42.0,1.0,23.0,2000,2027.0,27.0,1.0,6.0,225.0,210.0,181.0,1172.0,0.0,,0.0,6.0,0.0,0.0,0.0,21.0,15.0,1
2025,1,1,3,2025-01-01,AA,2617,IAD,VA,DFW,TX,621,559.0,1418.0,1.0,14.0,909,835.0,1406.0,1.0,15.0,228.0,216.0,187.0,1172.0,0.0,,0.0,1406.0,0.0,0.0,0.0,0.0,12.0,1
2025,1,1,3,2025-01-01,AS,309,IAD,VA,LAX,CA,1724,1730.0,6.0,0.0,17.0,2015,2017.0,2.0,0.0,12.0,351.0,347.0,318.0,2288.0,0.0,,0.0,,,,,,4.0,0
2025,1,1,3,2025-01-01,AS,406,IAD,VA,SEA,WA,1858,1856.0,-2.0,0.0,18.0,2200,2142.0,-18.0,0.0,10.0,362.0,346.0,318.0,2306.0,0.0,,0.0,,,,,,16.0,0
2025,1,1,3,2025-01-01,AS,435,IAD,VA,SFO,CA,900,850.0,-10.0,0.0,17.0,1203,1204.0,1.0,0.0,19.0,363.0,374.0,338.0,2419.0,0.0,,0.0,,,,,,-11.0,0
2025,1,1,3,2025-01-01,AS,499,IAD,VA,SEA,WA,700,659.0,-1.0,0.0,16.0,950,931.0,-19.0,0.0,7.0,350.0,332.0,309.0,2306.0,0.0,,0.0,,,,,,18.0,0
2025,1,1,3,2025-01-01,AS,507,IAD,VA,SAN,CA,1706,1704.0,-2.0,0.0,15.0,1940,1948.0,8.0,0.0,13.0,334.0,344.0,316.0,2253.0,0.0,,0.0,,,,,,-10.0,0
2025,1,1,3,2025-01-01,DL,432,IAD,VA,SLC,UT,705,709.0,4.0,0.0,10.0,957,956.0,-1.0,0.0,17.0,292.0,287.0,260.0,1828.0,0.0,,0.0,,,,,,5.0,0
2025,1,1,3,2025-01-01,DL,1354,IAD,VA,ATL,GA,719,710.0,-9.0,0.0,11.0,920,856.0,-24.0,0.0,5.0,121.0,106.0,90.0,534.0,0.0,,0.0,,,,,,15.0,0
2025,1,1,3,2025-01-01,DL,1400,IAD,VA,ATL,GA,1259,1304.0,5.0,0.0,24.0,1457,1507.0,10.0,0.0,7.0,118.0,123.0,92.0,534.0,0.0,,0.0,,,,,,-5.0,0
2025,1,1,3,2025-01-01,DL,1444,IAD,VA,ATL,GA,1000,954.0,-6.0,0.0,10.0,1156,1140.0,-16.0,0.0,5.0,116.0,106.0,91.0,534.0,0.0,,0.0,,,,,,10.0,0
2025,1,1,3,2025-01-01,DL,1695,IAD,VA,ATL,GA,1641,1725.0,44.0,1.0,30.0,1839,1935.0,56.0,1.0,10.0,118.0,130.0,90.0,534.0,0.0,,0.0,0.0,0.0,12.0,0.0,44.0,-12.0,1
2025,1,1,3,2025-01-01,DL,1084,IAD,VA,SEA,WA,730,725.0,-5.0,0.0,12.0,1041,957.0,-44.0,0.0,13.0,371.0,332.0,307.0,2306.0,0.0,,0.0,,,,,,39.0,0
2025,1,1,3,2025-01-01,F9,1031,IAD,VA,TPA,FL,2157,2131.0,-26.0,0.0,13.0,24,5.0,-19.0,0.0,8.0,147.0,154.0,133.0,811.0,0.0,,0.0,,,,,,-7.0,0
2025,1,1,3,2025-01-01,F9,4707,IAD,VA,ATL,GA,1525,1506.0,-19.0,0.0,17.0,1728,1716.0,-12.0,0.0,13.0,123.0,130.0,100.0,534.0,0.0,,0.0,,,,,,-7.0,0
2025,1,1,3,2025-01-01,F9,4811,IAD,VA,MCO,FL,830,817.0,-13.0,0.0,16.0,1055,1038.0,-17.0,0.0,12.0,145.0,141.0,113.0,758.0,0.0,,0.0,,,,,,4.0,0
2025,1,1,3,2025-01-01,OH,5203,IAD,VA,CLT,NC,919,917.0,-2.0,0.0,14.0,1059,1035.0,-24.0,0.0,4.0,100.0,78.0,60.0,322.0,0.0,,0.0,,,,,,22.0,0
2025,1,1,3,2025-01-01,OH,5447,IAD,VA,CLT,NC,2010,2000.0,-10.0,0.0,18.0,2152,2138.0,-14.0,0.0,8.0,102.0,98.0,72.0,322.0,0.0,,0.0,,,,,,4.0,0
2025,1,1,3,2025-01-01,OH,5543,IAD,VA,CLT,NC,1353,1353.0,0.0,0.0,17.0,1533,1522.0,-11.0,0.0,6.0,100.0,89.0,66.0,322.0,0.0,,0.0,,,,,,11.0,0
2025,1,1,3,2025-01-01,OH,5582,IAD,VA,CLT,NC,1729,1850.0,81.0,1.0,28.0,1919,2029.0,70.0,1.0,8.0,110.0,99.0,63.0,322.0,0.0,,0.0,0.0,0.0,0.0,0.0,70.0,11.0,1
2025,1,1,3,2025-01-01,OO,3680,IAD,VA,MSP,MN,1510,1508.0,-2.0,0.0,18.0,1708,1703.0,-5.0,0.0,5.0,178.0,175.0,152.0,908.0,0.0,,0.0,,,,,,3.0,0
2025,1,1,3,2025-01-01,OO,3853,IAD,VA,DTW,MI,600,611.0,11.0,0.0,16.0,745,746.0,1.0,0.0,9.0,105.0,95.0,70.0,383.0,0.0,,0.0,,,,,,10.0,0
2025,1,1,3,2025-01-01,OO,3877,IAD,VA,DTW,MI,1230,1323.0,53.0,1.0,26.0,1414,1503.0,49.0,1.0,7.0,104.0,100.0,67.0,383.0,0.0,,0.0,0.0,49.0,0.0,0.0,0.0,4.0,1
2025,1,1,3,2025-01-01,OO,3996,IAD,VA,MSP,MN,607,604.0,-3.0,0.0,32.0,809,800.0,-9.0,0.0,9.0,182.0,176.0,135.0,908.0,0.0,,0.0,,,,,,6.0,0
2025,1,1,3,2025-01-01,OO,5043,IAD,VA,JST,PA,1250,1243.0,-7.0,0.0,24.0,1350,1339.0,-11.0,0.0,4.0,60.0,56.0,28.0,120.0,0.0,,0.0,,,,,,4.0,0
2025,1,1,3,2025-01-01,OO,5098,IAD,VA,MGW,WV,900,1343.0,283.0,1.0,32.0,1003,1456.0,293.0,1.0,5.0,63.0,73.0,36.0,140.0,0.0,,0.0,0.0,0.0,10.0,0.0,283.0,-10.0,1
2025,1,1,3,2025-01-01,UA,2667,IAD,VA,ROC,NY,2222,2216.0,-6.0,0.0,11.0,2342,2327.0,-15.0,0.0,7.0,80.0,71.0,53.0,288.0,0.0,,0.0,,,,,,9.0,0
2025,1,1,3,2025-01-01,UA,2642,IAD,VA,ATL,GA,815,812.0,-3.0,0.0,20.0,1014,1009.0,-5.0,0.0,5.0,119.0,117.0,92.0,534.0,0.0,,0.0,,,,,,2.0,0
2025,1,1,3,2025-01-01,UA,2497,IAD,VA,ORD,IL,1735,1801.0,26.0,1.0,16.0,1855,1912.0,17.0,1.0,20.0,140.0,131.0,95.0,588.0,0.0,,0.0,17.0,0.0,0.0,0.0,0.0,9.0,1
2025,1,1,3,2025-01-01,UA,2480,IAD,VA,ATL,GA,2216,2226.0,10.0,0.0,21.0,16,23.0,7.0,0.0,5.0,120.0,117.0,91.0,534.0,0.0,,0.0,,,,,,3.0,0
2025,1,1,3,2025-01-01,UA,2463,IAD,VA,DEN,CO,1735,1813.0,38.0,1.0,26.0,1937,2007.0,30.0,1.0,9.0,242.0,234.0,199.0,1452.0,0.0,,0.0,30.0,0.0,0.0,0.0,0.0,8.0,1
2025,1,1,3,2025-01-01,UA,2435,IAD,VA,SMF,CA,1755,1903.0,68.0,1.0,14.0,2059,2158.0,59.0,1.0,6.0,364.0,355.0,335.0,2358.0,0.0,,0.0,59.0,0.0,0.0,0.0,0.0,9.0,1
2025,1,1,3,2025-01-01,UA,2398,IAD,VA,EWR,NJ,1737,1815.0,38.0,1.0,25.0,1900,1934.0,34.0,1.0,10.0,83.0,79.0,44.0,212.0,0.0,,0.0,34.0,0.0,0.0,0.0,0.0,4.0,1
2025,1,1,3,2025-01-01,UA,2382,IAD,VA,RDU,NC,2235,2237.0,2.0,0.0,26.0,2344,2347.0,3.0,0.0,3.0,69.0,70.0,41.0,224.0,0.0,,0.0,,,,,,-1.0,0
2025,1,1,3,2025-01-01,UA,2314,IAD,VA,DFW,TX,830,831.0,1.0,0.0,19.0,1111,1124.0,13.0,0.0,13.0,221.0,233.0,201.0,1172.0,0.0,,0.0,,,,,,-12.0,0
2025,1,1,3,2025-01-01,UA,2303,IAD,VA,LAX,CA,1900,1859.0,-1.0,0.0,17.0,2152,2213.0,21.0,1.0,32.0,352.0,374.0,325.0,2288.0,0.0,,0.0,0.0,0.0,21.0,0.0,0.0,-22.0,1
2025,1,1,3,2025-01-01,UA,2277,IAD,VA,TPA,FL,1235,1235.0,0.0,0.0,14.0,1511,1501.0,-10.0,0.0,7.0,156.0,146.0,125.0,811.0,0.0,,0.0,,,,,,10.0,0
2025,1,1,3,2025-01-01,UA,2276,IAD,VA,LAX,CA,1755,1809.0,14.0,0.0,20.0,2035,2033.0,-2.0,0.0,7.0,340.0,324.0,297.0,2288.0,0.0,,0.0,,,,,,16.0,0
2025,1,1,3,2025-01-01,UA,2275,IAD,VA,IAH,TX,2224,2221.0,-3.0,0.0,21.0,100,54.0,-6.0,0.0,4.0,216.0,213.0,188.0,1190.0,0.0,,0.0,,,,,,3.0,0
2025,1,1,3,2025-01-01,UA,2268,IAD,VA,MCO,FL,1710,1710.0,0.0,0.0,24.0,1939,1941.0,2.0,0.0,8.0,149.0,151.0,119.0,758.0,0.0,,0.0,,,,,,-2.0,0
2025,1,1,3,2025-01-01,UA,2175,IAD,VA,FLL,FL,1245,1243.0,-2.0,0.0,27.0,1536,1540.0,4.0,0.0,15.0,171.0,177.0,135.0,901.0,0.0,,0.0,,,,,,-6.0,0
2025,1,1,3,2025-01-01,UA,2156,IAD,VA,BNA,TN,1240,1237.0,-3.0,0.0,14.0,1342,1338.0,-4.0,0.0,8.0,122.0,121.0,99.0,542.0,0.0,,0.0,,,,,,1.0,0
2025,1,1,3,2025-01-01,UA,2150,IAD,VA,PSP,CA,900,856.0,-4.0,0.0,16.0,1140,1129.0,-11.0,0.0,8.0,340.0,333.0,309.0,2188.0,0.0,,0.0,,,,,,7.0,0
2025,1,1,3,2025-01-01,UA,2116,IAD,VA,DFW,TX,1745,1910.0,85.0,1.0,11.0,2025,2146.0,81.0,1.0,16.0,220.0,216.0,189.0,1172.0,0.0,,0.0,13.0,0.0,0.0,0.0,68.0,4.0,1
2025,1,1,3,2025-01-01,UA,2060,IAD,VA,BOS,MA,1250,1250.0,0.0,0.0,24.0,1426,1426.0,0.0,0.0,4.0,96.0,96.0,68.0,413.0,0.0,,0.0,,,,,,0.0,0
2025,1,1,3,2025-01-01,UA,2049,IAD,VA,RSW,FL,1742,1744.0,2.0,0.0,26.0,2029,2038.0,9.0,0.0,7.0,167.0,174.0,141.0,891.0,0.0,,0.0,,,,,,-7.0,0
2025,1,1,3,2025-01-01,UA,2029,IAD,VA,SAN,CA,1310,1314.0,4.0,0.0,31.0,1552,1618.0,26.0,1.0,3.0,342.0,364.0,330.0,2253.0,0.0,,0.0,0.0,0.0,26.0,0.0,0.0,-22.0,1
2025,1,1,3,2025-01-01,UA,2025,IAD,VA,SJU,PR,1735,1916.0,101.0,1.0,21.0,2222,1.0,99.0,1.0,3.0,227.0,225.0,201.0,1571.0,0.0,,0.0,5.0,0.0,0.0,0.0,94.0,2.0,1
2025,1,1,3,2025-01-01,UA,2021,IAD,VA,SJU,PR,830,824.0,-6.0,0.0,17.0,1317,1301.0,-16.0,0.0,5.0,227.0,217.0,195.0,1571.0,0.0,,0.0,,,,,,10.0,0
2025,1,1,3,2025-01-01,UA,1997,IAD,VA,EWR,NJ,2233,2229.0,-4.0,0.0,24.0,2346,2355.0,9.0,0.0,17.0,73.0,86.0,45.0,212.0,0.0,,0.0,,,,,,-13.0,0
2025,1,1,3,2025-01-01,UA,1964,IAD,VA,SEA,WA,835,831.0,-4.0,0.0,25.0,1132,1119.0,-13.0,0.0,11.0,357.0,348.0,312.0,2306.0,0.0,,0.0,,,,,,9.0,0
2025,1,1,3,2025-01-01,UA,1940,IAD,VA,ATL,GA,1258,1252.0,-6.0,0.0,28.0,1458,1501.0,3.0,0.0,6.0,120.0,129.0,95.0,534.0,0.0,,0.0,,,,,,-9.0,0
2025,1,1,3,2025-01-01,UA,1938,IAD,VA,PHX,AZ,1930,1927.0,-3.0,0.0,22.0,2238,2234.0,-4.0,0.0,5.0,308.0,307.0,280.0,1956.0,0.0,,0.0,,,,,,1.0,0
2025,1,1,3,2025-01-01,UA,1937,IAD,VA,DEN,CO,1235,1231.0,-4.0,0.0,17.0,1443,1432.0,-11.0,0.0,9.0,248.0,241.0,215.0,1452.0,0.0,,0.0,,,,,,7.0,0
2025,1,1,3,2025-01-01,UA,1930,IAD,VA,SAN,CA,845,844.0,-1.0,0.0,22.0,1127,1133.0,6.0,0.0,5.0,342.0,349.0,322.0,2253.0,0.0,,0.0,,,,,,-7.0,0
2025,1,1,3,2025-01-01,UA,1929,IAD,VA,EWR,NJ,845,857.0,12.0,0.0,11.0,1002,1000.0,-2.0,0.0,5.0,77.0,63.0,47.0,212.0,0.0,,0.0,,,,,,14.0,0
2025,1,1,3,2025-01-01,UA,1926,IAD,VA,DEN,CO,1005,959.0,-6.0,0.0,14.0,1210,1201.0,-9.0,0.0,9.0,245.0,242.0,219.0,1452.0,0.0,,0.0,,,,,,3.0,0
2025,1,1,3,2025-01-01,UA,1869,IAD,VA,SAT,TX,1705,1727.0,22.0,1.0,31.0,2000,2050.0,50.0,1.0,7.0,235.0,263.0,225.0,1362.0,0.0,,0.0,20.0,0.0,28.0,0.0,2.0,-28.0,1
2025,1,1,3,2025-01-01,UA,1858,IAD,VA,SLC,UT,1730,1812.0,42.0,1.0,19.0,2020,2059.0,39.0,1.0,6.0,290.0,287.0,262.0,1828.0,0.0,,0.0,39.0,0.0,0.0,0.0,0.0,3.0,1
2025,1,1,3,2025-01-01,UA,1831,IAD,VA,SAN,CA,1815,1900.0,45.0,1.0,19.0,2047,2125.0,38.0,1.0,5.0,332.0,325.0,301.0,2253.0,0.0,,0.0,32.0,0.0,0.0,0.0,6.0,7.0,1
2025,1,1,3,2025-01-01,UA,1825,IAD,VA,FLL,FL,825,822.0,-3.0,0.0,25.0,1116,1110.0,-6.0,0.0,6.0,171.0,168.0,137.0,901.0,0.0,,0.0,,,,,,3.0,0
2025,1,1,3,2025-01-01,UA,1786,IAD,VA,PHX,AZ,1250,1315.0,25.0,1.0,29.0,1559,1632.0,33.0,1.0,5.0,309.0,317.0,283.0,1956.0,0.0,,0.0,25.0,0.0,8.0,0.0,0.0,-8.0,1
2025,1,1,3,2025-01-01,UA,1757,IAD,VA,SFO,CA,1750,1824.0,34.0,1.0,19.0,2047,2108.0,21.0,1.0,11.0,357.0,344.0,314.0,2419.0,0.0,,0.0,21.0,0.0,0.0,0.0,0.0,13.0,1
2025,1,1,3,2025-01-01,UA,1738,IAD,VA,ORD,IL,2220,2213.0,-7.0,0.0,12.0,2325,2307.0,-18.0,0.0,7.0,125.0,114.0,95.0,588.0,0.0,,0.0,,,,,,11.0,0
2025,1,1,3,2025-01-01,UA,1710,IAD,VA,ORD,IL,835,844.0,9.0,0.0,12.0,955,1011.0,16.0,1.0,35.0,140.0,147.0,100.0,588.0,0.0,,0.0,9.0,0.0,7.0,0.0,0.0,-7.0,1
2025,1,1,3,2025-01-01,UA,1689,IAD,VA,LAX,CA,1240,1240.0,0.0,0.0,23.0,1533,1531.0,-2.0,0.0,6.0,353.0,351.0,322.0,2288.0,0.0,,0.0,,,,,,2.0,0
2025,1,1,3,2025-01-01,UA,1668,IAD,VA,SAT,TX,820,931.0,71.0,1.0,10.0,1117,1227.0,70.0,1.0,4.0,237.0,236.0,222.0,1362.0,0.0,,0.0,70.0,0.0,0.0,0.0,0.0,1.0,1
2025,1,1,3,2025-01-01,UA,1657,IAD,VA,SFO,CA,1235,1232.0,-3.0,0.0,12.0,1544,1537.0,-7.0,0.0,7.0,369.0,365.0,346.0,2419.0,0.0,,0.0,,,,,,4.0,0
2025,1,1,3,2025-01-01,UA,1634,IAD,VA,MCO,FL,900,857.0,-3.0,0.0,21.0,1129,1126.0,-3.0,0.0,9.0,149.0,149.0,119.0,758.0,0.0,,0.0,,,,,,0.0,0
2025,1,1,3,2025-01-01,UA,1620,IAD,VA,MIA,FL,1710,1707.0,-3.0,0.0,17.0,2008,2018.0,10.0,0.0,30.0,178.0,191.0,144.0,921.0,0.0,,0.0,,,,,,-13.0,0
2025,1,1,3,2025-01-01,UA,1584,IAD,VA,SFO,CA,2220,2233.0,13.0,0.0,25.0,125,138.0,13.0,0.0,4.0,365.0,365.0,336.0,2419.0,0.0,,0.0,,,,,,0.0,0
2025,1,1,3,2025-01-01,UA,1581,IAD,VA,ORD,IL,1245,1241.0,-4.0,0.0,51.0,1405,1422.0,17.0,1.0,14.0,140.0,161.0,96.0,588.0,0.0,,0.0,0.0,0.0,17.0,0.0,0.0,-21.0,1
2025,1,1,3,2025-01-01,UA,1524,IAD,VA,IAH,TX,837,840.0,3.0,0.0,13.0,1115,1117.0,2.0,0.0,11.0,218.0,217.0,193.0,1190.0,0.0,,0.0,,,,,,1.0,0
2025,1,1,3,2025-01-01,UA,1521,IAD,VA,MSY,LA,1805,1803.0,-2.0,0.0,26.0,2003,2010.0,7.0,0.0,5.0,178.0,187.0,156.0,955.0,0.0,,0.0,,,,,,-9.0,0
2025,1,1,3,2025-01-01,UA,1469,IAD,VA,LAX,CA,615,649.0,34.0,1.0,18.0,907,942.0,35.0,1.0,22.0,352.0,353.0,313.0,2288.0,0.0,,0.0,22.0,0.0,1.0,0.0,12.0,-1.0,1
2025,1,1,3,2025-01-01,UA,1443,IAD,VA,STT,VI,900,853.0,-7.0,0.0,24.0,1356,1358.0,2.0,0.0,16.0,236.0,245.0,205.0,1606.0,0.0,,0.0,,,,,,-9.0,0
2025,1,1,3,2025-01-01,UA,1437,IAD,VA,ORF,VA,2232,2237.0,5.0,0.0,22.0,2330,2338.0,8.0,0.0,6.0,58.0,61.0,33.0,157.0,0.0,,0.0,,,,,,-3.0,0
2025,1,1,3,2025-01-01,UA,1413,IAD,VA,LAX,CA,2205,2205.0,0.0,0.0,14.0,58,55.0,-3.0,0.0,7.0,353.0,350.0,329.0,2288.0,0.0,,0.0,,,,,,3.0,0
2025,1,1,3,2025-01-01,UA,1412,IAD,VA,CLT,NC,815,811.0,-4.0,0.0,11.0,1003,935.0,-28.0,0.0,12.0,108.0,84.0,61.0,322.0,0.0,,0.0,,,,,,24.0,0
2025,1,1,3,2025-01-01,UA,1406,IAD,VA,RSW,FL,820,811.0,-9.0,0.0,13.0,1107,1048.0,-19.0,0.0,4.0,167.0,157.0,140.0,891.0,0.0,,0.0,,,,,,10.0,0
2025,1,1,3,2025-01-01,UA,1393,IAD,VA,BTV,VT,2223,2217.0,-6.0,0.0,13.0,2359,2344.0,-15.0,0.0,6.0,96.0,87.0,68.0,441.0,0.0,,0.0,,,,,,9.0,0
2025,1,1,3,2025-01-01,UA,1379,IAD,VA,FLL,FL,1755,1756.0,1.0,0.0,18.0,2046,2039.0,-7.0,0.0,3.0,171.0,163.0,142.0,901.0,0.0,,0.0,,,,,,8.0,0
2025,1,1,3,2025-01-01,UA,1372,IAD,VA,IAH,TX,608,604.0,-4.0,0.0,23.0,846,854.0,8.0,0.0,9.0,218.0,230.0,198.0,1190.0,0.0,,0.0,,,,,,-12.0,0
2025,1,1,3,2025-01-01,UA,1370,IAD,VA,CLE,OH,2238,2228.0,-10.0,0.0,20.0,2359,2353.0,-6.0,0.0,8.0,81.0,85.0,57.0,288.0,0.0,,0.0,,,,,,-4.0,0
2025,1,1,3,2025-01-01,UA,1366,IAD,VA,DEN,CO,825,823.0,-2.0,0.0,22.0,1027,1020.0,-7.0,0.0,12.0,242.0,237.0,203.0,1452.0,0.0,,0.0,,,,,,5.0,0
2025,1,1,3,2025-01-01,UA,1360,IAD,VA,IAH,TX,1732,1752.0,20.0,1.0,23.0,2010,2035.0,25.0,1.0,20.0,218.0,223.0,180.0,1190.0,0.0,,0.0,20.0,0.0,5.0,0.0,0.0,-5.0,1
2025,1,1,3,2025-01-01,UA,1344,IAD,VA,IAH,TX,1250,1245.0,-5.0,0.0,27.0,1528,1541.0,13.0,0.0,10.0,218.0,236.0,199.0,1190.0,0.0,,0.0,,,,,,-18.0,0
2025,1,1,3,2025-01-01,UA,1323,IAD,VA,LAS,NV,857,851.0,-6.0,0.0,14.0,1120,1106.0,-14.0,0.0,8.0,323.0,315.0,293.0,2065.0,0.0,,0.0,,,,,,8.0,0
2025,1,1,3,2025-01-01,UA,1318,IAD,VA,SFO,CA,1440,1439.0,-1.0,0.0,12.0,1749,1748.0,-1.0,0.0,10.0,369.0,369.0,347.0,2419.0,0.0,,0.0,,,,,,0.0,0
2025,1,1,3,2025-01-01,UA,1257,IAD,VA,PHX,AZ,845,841.0,-4.0,0.0,18.0,1153,1147.0,-6.0,0.0,4.0,308.0,306.0,284.0,1956.0,0.0,,0.0,,,,,,2.0,0
2025,1,1,3,2025-01-01,UA,1237,IAD,VA,PDX,OR,1746,1822.0,36.0,1.0,20.0,2049,2112.0,23.0,1.0,7.0,363.0,350.0,323.0,2327.0,0.0,,0.0,23.0,0.0,0.0,0.0,0.0,13.0,1
2025,1,1,3,2025-01-01,UA,1140,IAD,VA,TPA,FL,1755,1830.0,35.0,1.0,17.0,2031,2121.0,50.0,1.0,11.0,156.0,171.0,143.0,811.0,0.0,,0.0,0.0,0.0,15.0,0.0,35.0,-15.0,1
2025,1,1,3,2025-01-01,UA,1116,IAD,VA,SFO,CA,825,829.0,4.0,0.0,25.0,1119,1128.0,9.0,0.0,25.0,354.0,359.0,309.0,2419.0,0.0,,0.0,,,,,,-5.0,0
2025,1,1,3,2025-01-01,UA,1095,IAD,VA,SFO,CA,631,625.0,-6.0,0.0,14.0,940,932.0,-8.0,0.0,11.0,369.0,367.0,342.0,2419.0,0.0,,0.0,,,,,,2.0,0
2025,1,1,3,2025-01-01,UA,1073,IAD,VA,MIA,FL,900,851.0,-9.0,0.0,20.0,1158,1138.0,-20.0,0.0,10.0,178.0,167.0,137.0,921.0,0.0,,0.0,,,,,,11.0,0
2025,1,1,3,2025-01-01,UA,1071,IAD,VA,JAX,FL,1740,1826.0,46.0,1.0,11.0,1952,2028.0,36.0,1.0,6.0,132.0,122.0,105.0,630.0,0.0,,0.0,36.0,0.0,0.0,0.0,0.0,10.0,1
2025,1,1,3,2025-01-01,UA,1016,IAD,VA,BTV,VT,900,854.0,-6.0,0.0,22.0,1037,1346.0,,,5.0,97.0,,,441.0,0.0,,1.0,,,,,,,
2025,1,1,3,2025-01-01,UA,793,IAD,VA,DEN,CO,630,642.0,12.0,0.0,30.0,838,852.0,14.0,0.0,13.0,248.0,250.0,207.0,1452.0,0.0,,0.0,,,,,,-2.0,0
2025,1,1,3,2025-01-01,UA,780,IAD,VA,LAS,NV,1937,1942.0,5.0,0.0,20.0,2200,2207.0,7.0,0.0,6.0,323.0,325.0,299.0,2065.0,0.0,,0.0,,,,,,-2.0,0
2025,1,1,3,2025-01-01,UA,755,IAD,VA,BOS,MA,2224,2222.0,-2.0,0.0,22.0,2359,2349.0,-10.0,0.0,5.0,95.0,87.0,60.0,413.0,0.0,,0.0,,,,,,8.0,0
2025,1,1,3,2025-01-01,UA,739,IAD,VA,SFO,CA,2049,2107.0,18.0,1.0,15.0,2355,2.0,7.0,0.0,7.0,366.0,355.0,333.0,2419.0,0.0,,0.0,,,,,,11.0,0
2025,1,1,3,2025-01-01,UA,689,IAD,VA,MCO,FL,2215,2208.0,-7.0,0.0,14.0,44,29.0,-15.0,0.0,5.0,149.0,141.0,122.0,758.0,0.0,,0.0,,,,,,8.0,0
2025,1,1,3,2025-01-01,UA,688,IAD,VA,BOS,MA,1710,1713.0,3.0,0.0,26.0,1846,1846.0,0.0,0.0,4.0,96.0,93.0,63.0,413.0,0.0,,0.0,,,,,,3.0,0
2025,1,1,3,2025-01-01,UA,683,IAD,VA,TPA,FL,845,837.0,-8.0,0.0,17.0,1121,1109.0,-12.0,0.0,4.0,156.0,152.0,131.0,811.0,0.0,,0.0,,,,,,4.0,0
2025,1,1,3,2025-01-01,UA,678,IAD,VA,PBI,FL,900,854.0,-6.0,0.0,21.0,1148,1150.0,2.0,0.0,19.0,168.0,176.0,136.0,859.0,0.0,,0.0,,,,,,-8.0,0
2025,1,1,3,2025-01-01,UA,674,IAD,VA,SFO,CA,1939,2011.0,32.0,1.0,15.0,2245,2310.0,25.0,1.0,4.0,366.0,359.0,340.0,2419.0,0.0,,0.0,23.0,0.0,0.0,0.0,2.0,7.0,1
2025,1,1,3,2025-01-01,UA,667,IAD,VA,LAX,CA,815,845.0,30.0,1.0,18.0,1050,1115.0,25.0,1.0,8.0,335.0,330.0,304.0,2288.0,0.0,,0.0,4.0,0.0,0.0,0.0,21.0,5.0,1
2025,1,1,3,2025-01-01,UA,641,IAD,VA,BOS,MA,825,822.0,-3.0,0.0,22.0,1000,953.0,-7.0,0.0,7.0,95.0,91.0,62.0,413.0,0.0,,0.0,,,,,,4.0,0
2025,1,1,3,2025-01-01,UA,495,IAD,VA,DEN,CO,2217,2217.0,0.0,0.0,12.0,15,9.0,-6.0,0.0,7.0,238.0,232.0,213.0,1452.0,0.0,,0.0,,,,,,6.0,0
2025,1,1,3,2025-01-01,UA,493,IAD,VA,LAX,CA,850,846.0,-4.0,0.0,17.0,1142,1137.0,-5.0,0.0,14.0,352.0,351.0,320.0,2288.0,0.0,,0.0,,,,,,1.0,0
2025,1,1,3,2025-01-01,UA,471,IAD,VA,MCO,FL,1240,1236.0,-4.0,0.0,31.0,1509,1517.0,8.0,0.0,11.0,149.0,161.0,119.0,758.0,0.0,,0.0,,,,,,-12.0,0
2025,1,1,3,2025-01-01,UA,444,IAD,VA,BDL,CT,2235,2229.0,-6.0,0.0,27.0,2359,2352.0,-7.0,0.0,4.0,84.0,83.0,52.0,325.0,0.0,,0.0,,,,,,1.0,0
2025,1,1,3,2025-01-01,UA,408,IAD,VA,PWM,ME,2223,2219.0,-4.0,0.0,15.0,2359,2345.0,-14.0,0.0,3.0,96.0,86.0,68.0,493.0,0.0,,0.0,,,,,,10.0,0
2025,1,1,3,2025-01-01,UA,381,IAD,VA,AUS,TX,820,816.0,-4.0,0.0,13.0,1110,1103.0,-7.0,0.0,5.0,230.0,227.0,209.0,1297.0,0.0,,0.0,,,,,,3.0,0
2025,1,1,3,2025-01-01,UA,379,IAD,VA,MCO,FL,800,757.0,-3.0,0.0,14.0,1029,1021.0,-8.0,0.0,8.0,149.0,144.0,122.0,758.0,0.0,,0.0,,,,,,5.0,0
2025,1,1,3,2025-01-01,UA,345,IAD,VA,HNL,HI,815,810.0,-5.0,0.0,20.0,1416,1357.0,-19.0,0.0,4.0,661.0,647.0,623.0,4817.0,0.0,,0.0,,,,,,14.0,0
2025,1,1,3,2025-01-01,UA,326,IAD,VA,SEA,WA,1733,1814.0,41.0,1.0,22.0,2036,2059.0,23.0,1.0,6.0,363.0,345.0,317.0,2306.0,0.0,,0.0,1.0,0.0,0.0,0.0,22.0,18.0,1
2025,1,1,3,2025-01-01,UA,284,IAD,VA,DEN,CO,1605,1605.0,0.0,0.0,18.0,1813,1825.0,12.0,0.0,20.0,248.0,260.0,222.0,1452.0,0.0,,0.0,,,,,,-12.0,0
2025,1,1,3,2025-01-01,WN,513,IAD,VA,DEN,CO,725,718.0,-7.0,0.0,10.0,920,908.0,-12.0,0.0,9.0,235.0,230.0,211.0,1452.0,0.0,,0.0,,,,,,5.0,0
2025,1,1,3,2025-01-01,WN,1130,IAD,VA,DEN,CO,1745,1749.0,4.0,0.0,9.0,1950,1936.0,-14.0,0.0,6.0,245.0,227.0,212.0,1452.0,0.0,,0.0,,,,,,18.0,0
2025,1,1,3,2025-01-01,WN,3656,IAD,VA,PHX,AZ,1545,1549.0,4.0,0.0,19.0,1845,1901.0,16.0,1.0,6.0,300.0,312.0,287.0,1956.0,0.0,,0.0,0.0,0.0,16.0,0.0,0.0,-12.0,1
2025,1,1,3,2025-01-01,YX,3712,IAD,VA,CLE,OH,1740,1840.0,60.0,1.0,42.0,1906,2022.0,76.0,1.0,9.0,86.0,102.0,51.0,288.0,0.0,,0.0,0.0,0.0,16.0,0.0,60.0,-16.0,1
2025,1,1,3,2025-01-01,YX,3646,IAD,VA,CMH,OH,2215,2215.0,0.0,0.0,20.0,2344,2346.0,2.0,0.0,14.0,89.0,91.0,57.0,299.0,0.0,,0.0,,,,,,-2.0,0
2025,1,1,3,2025-01-01,YX,3635,IAD,VA,IND,IN,2205,2232.0,27.0,1.0,22.0,2359,17.0,18.0,1.0,6.0,114.0,105.0,77.0,476.0,0.0,,0.0,0.0,0.0,0.0,0.0,18.0,9.0,1
2025,1,1,3,2025-01-01,YX,3627,IAD,VA,PWM,ME,1255,1255.0,0.0,0.0,26.0,1438,1435.0,-3.0,0.0,8.0,103.0,100.0,66.0,493.0,0.0,,0.0,,,,,,3.0,0
2025,1,1,3,2025-01-01,YX,3585,IAD,VA,IND,IN,1715,1759.0,44.0,1.0,20.0,1910,1949.0,39.0,1.0,5.0,115.0,110.0,85.0,476.0,0.0,,0.0,0.0,0.0,0.0,0.0,39.0,5.0,1
2025,1,1,3,2025-01-01,YX,3570,IAD,VA,SDF,KY,1859,1854.0,-5.0,0.0,16.0,2052,2038.0,-14.0,0.0,6.0,113.0,104.0,82.0,451.0,0.0,,0.0,,,,,,9.0,0
2025,1,1,3,2025-01-01,YX,3568,IAD,VA,PVD,RI,1235,1227.0,-8.0,0.0,34.0,1404,1408.0,4.0,0.0,6.0,89.0,101.0,61.0,371.0,0.0,,0.0,,,,,,-12.0,0
2025,1,1,3,2025-01-01,YX,3561,IAD,VA,IND,IN,840,1637.0,477.0,1.0,13.0,1035,1819.0,464.0,1.0,7.0,115.0,102.0,82.0,476.0,0.0,,0.0,2.0,0.0,0.0,0.0,462.0,13.0,1
2025,1,1,3,2025-01-01,YX,3548,IAD,VA,CVG,KY,852,852.0,0.0,0.0,14.0,1039,1027.0,-12.0,0.0,5.0,107.0,95.0,76.0,388.0,0.0,,0.0,,,,,,12.0,0
2025,1,1,3,2025-01-01,YX,3541,IAD,VA,PIT,PA,1240,1236.0,-4.0,0.0,15.0,1349,1337.0,-12.0,0.0,7.0,69.0,61.0,39.0,182.0,0.0,,0.0,,,,,,8.0,0
2025,1,1,3,2025-01-01,YX,3540,IAD,VA,PIT,PA,2210,2204.0,-6.0,0.0,12.0,2314,2302.0,-12.0,0.0,8.0,64.0,58.0,38.0,182.0,0.0,,0.0,,,,,,6.0,0
2025,1,1,3,2025-01-01,YX,3532,IAD,VA,LGA,NY,1245,1244.0,-1.0,0.0,22.0,1413,1359.0,-14.0,0.0,8.0,88.0,75.0,45.0,229.0,0.0,,0.0,,,,,,13.0,0
2025,1,1,3,2025-01-01,YX,3527,IAD,VA,DTW,MI,2215,2212.0,-3.0,0.0,9.0,2359,2344.0,-15.0,0.0,13.0,104.0,92.0,70.0,383.0,0.0,,0.0,,,,,,12.0,0
2025,1,1,3,2025-01-01,YX,3497,IAD,VA,BNA,TN,1723,2022.0,179.0,1.0,13.0,1829,2124.0,175.0,1.0,11.0,126.0,122.0,98.0,542.0,0.0,,0.0,175.0,0.0,0.0,0.0,0.0,4.0,1
2025,1,1,3,2025-01-01,YX,3495,IAD,VA,BTV,VT,1250,1248.0,-2.0,0.0,23.0,1429,1437.0,8.0,0.0,10.0,99.0,109.0,76.0,441.0,0.0,,0.0,,,,,,-10.0,0
2025,1,1,3,2025-01-01,YX,3487,IAD,VA,CHS,SC,1240,1249.0,9.0,0.0,41.0,1443,1510.0,27.0,1.0,8.0,123.0,141.0,92.0,441.0,0.0,,0.0,9.0,0.0,18.0,0.0,0.0,-18.0,1
2025,1,1,3,2025-01-01,YX,3473,IAD,VA,CHS,SC,820,817.0,-3.0,0.0,24.0,1018,1012.0,-6.0,0.0,6.0,118.0,115.0,85.0,441.0,0.0,,0.0,,,,,,3.0,0
2025,1,1,3,2025-01-01,YX,3462,IAD,VA,IND,IN,1245,1239.0,-6.0,0.0,23.0,1435,1436.0,1.0,0.0,7.0,110.0,117.0,87.0,476.0,0.0,,0.0,,,,,,-7.0,0
2025,1,1,3,2025-01-01,YX,3427,IAD,VA,SBN,IN,1800,1805.0,5.0,0.0,26.0,2000,2003.0,3.0,0.0,7.0,120.0,118.0,85.0,505.0,0.0,,0.0,,,,,,2.0,0
2025,1,1,3,2025-01-01,AA,756,ORF,VA,MIA,FL,625,617.0,-8.0,0.0,13.0,857,848.0,-9.0,0.0,24.0,152.0,151.0,114.0,802.0,0.0,,0.0,,,,,,1.0,0
2025,1,1,3,2025-01-01,AA,2274,ORF,VA,DFW,TX,612,603.0,-9.0,0.0,12.0,859,912.0,13.0,0.0,18.0,227.0,249.0,219.0,1212.0,0.0,,0.0,,,,,,-22.0,0
2025,1,1,3,2025-01-01,AA,2282,ORF,VA,DFW,TX,1522,1521.0,-1.0,0.0,10.0,1810,1801.0,-9.0,0.0,7.0,228.0,220.0,203.0,1212.0,0.0,,0.0,,,,,,8.0,0
2025,1,1,3,2025-01-01,AA,2288,ORF,VA,DFW,TX,1902,1910.0,8.0,0.0,18.0,2150,2150.0,0.0,0.0,13.0,228.0,220.0,189.0,1212.0,0.0,,0.0,,,,,,8.0,0
2025,1,1,3,2025-01-01,DL,1336,ORF,VA,ATL,GA,1045,1044.0,-1.0,0.0,14.0,1247,1240.0,-7.0,0.0,4.0,122.0,116.0,98.0,516.0,0.0,,0.0,,,,,,6.0,0
2025,1,1,3,2025-01-01,DL,1338,ORF,VA,ATL,GA,800,756.0,-4.0,0.0,12.0,1005,940.0,-25.0,0.0,6.0,125.0,104.0,86.0,516.0,0.0,,0.0,,,,,,21.0,0
2025,1,1,3,2025-01-01,DL,1430,ORF,VA,ATL,GA,600,552.0,-8.0,0.0,12.0,808,745.0,-23.0,0.0,4.0,128.0,113.0,97.0,516.0,0.0,,0.0,,,,,,15.0,0
2025,1,1,3,2025-01-01,DL,2755,ORF,VA,ATL,GA,1229,1241.0,12.0,0.0,12.0,1430,1434.0,4.0,0.0,4.0,121.0,113.0,97.0,516.0,0.0,,0.0,,,,,,8.0,0
2025,1,1,3,2025-01-01,DL,2921,ORF,VA,ATL,GA,1641,1639.0,-2.0,0.0,13.0,1838,1837.0,-1.0,0.0,8.0,117.0,118.0,97.0,516.0,0.0,,0.0,,,,,,-1.0,0
2025,1,1,3,2025-01-01,MQ,4268,ORF,VA,MIA,FL,1852,1852.0,0.0,0.0,8.0,2124,2112.0,-12.0,0.0,3.0,152.0,140.0,129.0,802.0,0.0,,0.0,,,,,,12.0,0
2025,1,1,3,2025-01-01,NK,1575,ORF,VA,MCO,FL,945,940.0,-5.0,0.0,10.0,1159,1149.0,-10.0,0.0,14.0,134.0,129.0,105.0,655.0,0.0,,0.0,,,,,,5.0,0
2025,1,1,3,2025-01-01,OH,5036,ORF,VA,CLT,NC,659,649.0,-10.0,0.0,15.0,833,809.0,-24.0,0.0,5.0,94.0,80.0,60.0,290.0,0.0,,0.0,,,,,,14.0,0
2025,1,1,3,2025-01-01,OH,5093,ORF,VA,DCA,VA,638,628.0,-10.0,0.0,13.0,751,723.0,-28.0,0.0,9.0,73.0,55.0,33.0,142.0,0.0,,0.0,,,,,,18.0,0
2025,1,1,3,2025-01-01,OH,5324,ORF,VA,CLT,NC,1444,1433.0,-11.0,0.0,17.0,1619,1556.0,-23.0,0.0,6.0,95.0,83.0,60.0,290.0,0.0,,0.0,,,,,,12.0,0
2025,1,1,3,2025-01-01,OH,5340,ORF,VA,DCA,VA,952,943.0,-9.0,0.0,11.0,1108,1035.0,-33.0,0.0,7.0,76.0,52.0,34.0,142.0,0.0,,0.0,,,,,,24.0,0
2025,1,1,3,2025-01-01,OH,5420,ORF,VA,CLT,NC,1326,1332.0,6.0,0.0,10.0,1504,1446.0,-18.0,0.0,3.0,98.0,74.0,61.0,290.0,0.0,,0.0,,,,,,24.0,0
2025,1,1,3,2025-01-01,OH,5520,ORF,VA,DCA,VA,552,540.0,-12.0,0.0,12.0,656,631.0,-25.0,0.0,8.0,64.0,51.0,31.0,142.0,0.0,,0.0,,,,,,13.0,0
2025,1,1,3,2025-01-01,OH,5526,ORF,VA,CLT,NC,1806,1807.0,1.0,0.0,14.0,1940,1934.0,-6.0,0.0,9.0,94.0,87.0,64.0,290.0,0.0,,0.0,,,,,,7.0,0
2025,1,1,3,2025-01-01,OH,5540,ORF,VA,CLT,NC,1054,1041.0,-13.0,0.0,15.0,1225,1207.0,-18.0,0.0,9.0,91.0,86.0,62.0,290.0,0.0,,0.0,,,,,,5.0,0
2025,1,1,3,2025-01-01,OH,5547,ORF,VA,CLT,NC,902,852.0,-10.0,0.0,19.0,1033,1022.0,-11.0,0.0,6.0,91.0,90.0,65.0,290.0,0.0,,0.0,,,,,,1.0,0
2025,1,1,3,2025-01-01,OH,5583,ORF,VA,CLT,NC,1622,1626.0,4.0,0.0,19.0,1800,1749.0,-11.0,0.0,3.0,98.0,83.0,61.0,290.0,0.0,,0.0,,,,,,15.0,0
2025,1,1,3,2025-01-01,OO,5525,ORF,VA,ORD,IL,1120,1117.0,-3.0,0.0,16.0,1300,1245.0,-15.0,0.0,9.0,160.0,148.0,123.0,717.0,0.0,,0.0,,,,,,12.0,0
2025,1,1,3,2025-01-01,UA,2274,ORF,VA,IAH,TX,600,607.0,7.0,0.0,12.0,842,849.0,7.0,0.0,8.0,222.0,222.0,202.0,1201.0,0.0,,0.0,,,,,,0.0,0
2025,1,1,3,2025-01-01,UA,1926,ORF,VA,IAD,VA,600,558.0,-2.0,0.0,20.0,702,657.0,-5.0,0.0,6.0,62.0,59.0,33.0,157.0,0.0,,0.0,,,,,,3.0,0
2025,1,1,3,2025-01-01,UA,318,ORF,VA,DEN,CO,715,708.0,-7.0,0.0,11.0,934,920.0,-14.0,0.0,9.0,259.0,252.0,232.0,1553.0,0.0,,0.0,,,,,,7.0,0
2025,1,1,3,2025-01-01,UA,224,ORF,VA,ORD,IL,615,624.0,9.0,0.0,12.0,745,740.0,-5.0,0.0,7.0,150.0,136.0,117.0,717.0,0.0,,0.0,,,,,,14.0,0
2025,1,1,3,2025-01-01,WN,2675,ORF,VA,BNA,TN,1640,1708.0,28.0,1.0,9.0,1740,1808.0,28.0,1.0,4.0,120.0,120.0,107.0,585.0,0.0,,0.0,17.0,0.0,0.0,0.0,11.0,0.0,1
2025,1,1,3,2025-01-01,WN,644,ORF,VA,BWI,MD,1300,1309.0,9.0,0.0,10.0,1400,1403.0,3.0,0.0,4.0,60.0,54.0,40.0,159.0,0.0,,0.0,,,,,,6.0,0
2025,1,1,3,2025-01-01,WN,1330,ORF,VA,BWI,MD,630,629.0,-1.0,0.0,9.0,730,718.0,-12.0,0.0,2.0,60.0,49.0,38.0,159.0,0.0,,0.0,,,,,,11.0,0
2025,1,1,3,2025-01-01,WN,1927,ORF,VA,BWI,MD,1030,1027.0,-3.0,0.0,7.0,1130,1115.0,-15.0,0.0,3.0,60.0,48.0,38.0,159.0,0.0,,0.0,,,,,,12.0,0
2025,1,1,3,2025-01-01,WN,2402,ORF,VA,BWI,MD,1835,1829.0,-6.0,0.0,7.0,1940,1923.0,-17.0,0.0,6.0,65.0,54.0,41.0,159.0,0.0,,0.0,,,,,,11.0,0
2025,1,1,3,2025-01-01,WN,4225,ORF,VA,MCO,FL,1235,1232.0,-3.0,0.0,7.0,1445,1427.0,-18.0,0.0,6.0,130.0,115.0,102.0,655.0,0.0,,0.0,,,,,,15.0,0
2025,1,1,3,2025-01-01,WN,1059,ORF,VA,MDW,IL,730,726.0,-4.0,0.0,11.0,840,834.0,-6.0,0.0,5.0,130.0,128.0,112.0,704.0,0.0,,0.0,,,,,,2.0,0
2025,1,1,3,2025-01-01,YX,3654,ORF,VA,EWR,NJ,1835,1833.0,-2.0,0.0,110.0,2014,2147.0,93.0,1.0,11.0,99.0,194.0,73.0,284.0,0.0,,0.0,0.0,0.0,93.0,0.0,0.0,-95.0,1
2025,1,1,3,2025-01-01,YX,3523,ORF,VA,ORD,IL,1515,1520.0,5.0,0.0,13.0,1656,1640.0,-16.0,0.0,6.0,161.0,140.0,121.0,717.0,0.0,,0.0,,,,,,21.0,0
2025,1,1,3,2025-01-01,YX,3469,ORF,VA,EWR,NJ,1123,1120.0,-3.0,0.0,11.0,1304,1241.0,-23.0,0.0,8.0,101.0,81.0,62.0,284.0,0.0,,0.0,,,,,,20.0,0
2025,1,1,3,2025-01-01,YX,4499,ORF,VA,PHL,PA,807,801.0,-6.0,0.0,32.0,915,932.0,17.0,1.0,5.0,68.0,91.0,54.0,212.0,0.0,,0.0,0.0,0.0,17.0,0.0,0.0,-23.0,1
2025,1,1,3,2025-01-01,YX,4536,ORF,VA,ORD,IL,700,802.0,62.0,1.0,19.0,835,928.0,53.0,1.0,9.0,155.0,146.0,118.0,717.0,0.0,,0.0,53.0,0.0,0.0,0.0,0.0,9.0,1
2025,1,1,3,2025-01-01,YX,4618,ORF,VA,DCA,VA,1638,1632.0,-6.0,0.0,17.0,1741,1734.0,-7.0,0.0,12.0,63.0,62.0,33.0,142.0,0.0,,0.0,,,,,,1.0,0
2025,1,1,3,2025-01-01,YX,5763,ORF,VA,JFK,NY,1430,1428.0,-2.0,0.0,11.0,1600,1544.0,-16.0,0.0,10.0,90.0,76.0,55.0,290.0,0.0,,0.0,,,,,,14.0,0
2025,1,1,3,2025-01-01,YX,5765,ORF,VA,LGA,NY,700,651.0,-9.0,0.0,12.0,834,814.0,-20.0,0.0,10.0,94.0,83.0,61.0,296.0,0.0,,0.0,,,,,,11.0,0
2025,1,1,3,2025-01-01,AA,604,RIC,VA,MIA,FL,556,550.0,-6.0,0.0,17.0,835,820.0,-15.0,0.0,13.0,159.0,150.0,120.0,825.0,0.0,,0.0,,,,,,9.0,0
2025,1,1,3,2025-01-01,AA,1063,RIC,VA,CLT,NC,617,612.0,-5.0,0.0,18.0,755,730.0,-25.0,0.0,4.0,98.0,78.0,56.0,257.0,0.0,,0.0,,,,,,20.0,0
2025,1,1,3,2025-01-01,AA,1268,RIC,VA,CLT,NC,903,855.0,-8.0,0.0,17.0,1029,1022.0,-7.0,0.0,10.0,86.0,87.0,60.0,257.0,0.0,,0.0,,,,,,-1.0,0
2025,1,1,3,2025-01-01,AA,1909,RIC,VA,CLT,NC,2024,2011.0,-13.0,0.0,13.0,2155,2134.0,-21.0,0.0,10.0,91.0,83.0,60.0,257.0,0.0,,0.0,,,,,,8.0,0
2025,1,1,3,2025-01-01,AA,2204,RIC,VA,DFW,TX,640,646.0,6.0,0.0,15.0,919,930.0,11.0,0.0,17.0,219.0,224.0,192.0,1158.0,0.0,,0.0,,,,,,-5.0,0
2025,1,1,3,2025-01-01,AA,1040,RIC,VA,CLT,NC,1653,1645.0,-8.0,0.0,16.0,1819,1807.0,-12.0,0.0,13.0,86.0,82.0,53.0,257.0,0.0,,0.0,,,,,,4.0,0
2025,1,1,3,2025-01-01,AA,2348,RIC,VA,DFW,TX,1531,1547.0,16.0,1.0,11.0,1809,1810.0,1.0,0.0,13.0,218.0,203.0,179.0,1158.0,0.0,,0.0,,,,,,15.0,0
2025,1,1,3,2025-01-01,AA,2349,RIC,VA,DFW,TX,1905,1856.0,-9.0,0.0,13.0,2147,2139.0,-8.0,0.0,12.0,222.0,223.0,198.0,1158.0,0.0,,0.0,,,,,,-1.0,0
2025,1,1,3,2025-01-01,AA,1435,RIC,VA,CLT,NC,1359,1353.0,-6.0,0.0,20.0,1525,1512.0,-13.0,0.0,5.0,86.0,79.0,54.0,257.0,0.0,,0.0,,,,,,7.0,0
2025,1,1,3,2025-01-01,B6,169,RIC,VA,MCO,FL,940,943.0,3.0,0.0,11.0,1159,1159.0,0.0,0.0,14.0,139.0,136.0,111.0,667.0,0.0,,0.0,,,,,,3.0,0
2025,1,1,3,2025-01-01,B6,382,RIC,VA,BOS,MA,1830,1821.0,-9.0,0.0,10.0,2007,1944.0,-23.0,0.0,5.0,97.0,83.0,68.0,474.0,0.0,,0.0,,,,,,14.0,0
2025,1,1,3,2025-01-01,B6,969,RIC,VA,MCO,FL,1459,1649.0,110.0,1.0,10.0,1711,1859.0,108.0,1.0,8.0,132.0,130.0,112.0,667.0,0.0,,0.0,16.0,0.0,0.0,0.0,92.0,2.0,1
2025,1,1,3,2025-01-01,B6,1145,RIC,VA,FLL,FL,600,556.0,-4.0,0.0,13.0,830,810.0,-20.0,0.0,5.0,150.0,134.0,116.0,805.0,0.0,,0.0,,,,,,16.0,0
2025,1,1,3,2025-01-01,DL,1402,RIC,VA,ATL,GA,640,635.0,-5.0,0.0,15.0,843,820.0,-23.0,0.0,6.0,123.0,105.0,84.0,481.0,0.0,,0.0,,,,,,18.0,0
2025,1,1,3,2025-01-01,DL,1415,RIC,VA,ATL,GA,801,808.0,7.0,0.0,17.0,1001,1003.0,2.0,0.0,15.0,120.0,115.0,83.0,481.0,0.0,,0.0,,,,,,5.0,0
2025,1,1,3,2025-01-01,DL,1437,RIC,VA,ATL,GA,1641,1637.0,-4.0,0.0,20.0,1829,1833.0,4.0,0.0,6.0,108.0,116.0,90.0,481.0,0.0,,0.0,,,,,,-8.0,0
2025,1,1,3,2025-01-01,DL,1460,RIC,VA,ATL,GA,535,531.0,-4.0,0.0,15.0,732,715.0,-17.0,0.0,6.0,117.0,104.0,83.0,481.0,0.0,,0.0,,,,,,13.0,0
2025,1,1,3,2025-01-01,DL,2177,RIC,VA,ATL,GA,1248,1242.0,-6.0,0.0,14.0,1435,1421.0,-14.0,0.0,4.0,107.0,99.0,81.0,481.0,0.0,,0.0,,,,,,8.0,0
2025,1,1,3,2025-01-01,MQ,3633,RIC,VA,MIA,FL,1915,1905.0,-10.0,0.0,13.0,2155,2128.0,-27.0,0.0,6.0,160.0,143.0,124.0,825.0,0.0,,0.0,,,,,,17.0,0
2025,1,1,3,2025-01-01,NK,1219,RIC,VA,FLL,FL,1616,1608.0,-8.0,0.0,10.0,1842,1823.0,-19.0,0.0,6.0,146.0,135.0,119.0,805.0,0.0,,0.0,,,,,,11.0,0
2025,1,1,3,2025-01-01,NK,1227,RIC,VA,FLL,FL,1822,1815.0,-7.0,0.0,21.0,2048,2044.0,-4.0,0.0,6.0,146.0,149.0,122.0,805.0,0.0,,0.0,,,,,,-3.0,0
2025,1,1,3,2025-01-01,OH,5453,RIC,VA,CLT,NC,1055,1043.0,-12.0,0.0,19.0,1220,1204.0,-16.0,0.0,4.0,85.0,81.0,58.0,257.0,0.0,,0.0,,,,,,4.0,0
2025,1,1,3,2025-01-01,OH,5568,RIC,VA,CLT,NC,1809,1801.0,-8.0,0.0,14.0,1934,1930.0,-4.0,0.0,10.0,85.0,89.0,65.0,257.0,0.0,,0.0,,,,,,-4.0,0
2025,1,1,3,2025-01-01,OO,3625,RIC,VA,DTW,MI,1255,1450.0,115.0,1.0,16.0,1454,1629.0,95.0,1.0,9.0,119.0,99.0,74.0,456.0,0.0,,0.0,95.0,0.0,0.0,0.0,0.0,20.0,1
2025,1,1,3,2025-01-01,UA,2493,RIC,VA,DEN,CO,810,808.0,-2.0,0.0,14.0,1024,1030.0,6.0,0.0,25.0,254.0,262.0,223.0,1482.0,0.0,,0.0,,,,,,-8.0,0
2025,1,1,3,2025-01-01,UA,2137,RIC,VA,ORD,IL,636,633.0,-3.0,0.0,12.0,805,747.0,-18.0,0.0,15.0,149.0,134.0,107.0,642.0,0.0,,0.0,,,,,,15.0,0
2025,1,1,3,2025-01-01,UA,1704,RIC,VA,IAH,TX,605,1022.0,257.0,1.0,17.0,838,1303.0,265.0,1.0,9.0,213.0,221.0,195.0,1157.0,0.0,,0.0,257.0,0.0,8.0,0.0,0.0,-8.0,1
2025,1,1,3,2025-01-01,WN,1785,RIC,VA,ATL,GA,1505,1502.0,-3.0,0.0,16.0,1655,1647.0,-8.0,0.0,4.0,110.0,105.0,85.0,481.0,0.0,,0.0,,,,,,5.0,0
2025,1,1,3,2025-01-01,WN,5151,RIC,VA,BNA,TN,1250,1251.0,1.0,0.0,11.0,1345,1341.0,-4.0,0.0,5.0,115.0,110.0,94.0,527.0,0.0,,0.0,,,,,,5.0,0
2025,1,1,3,2025-01-01,WN,846,RIC,VA,BWI,MD,630,628.0,-2.0,0.0,10.0,725,711.0,-14.0,0.0,4.0,55.0,43.0,29.0,121.0,0.0,,0.0,,,,,,12.0,0
2025,1,1,3,2025-01-01,WN,2389,RIC,VA,BWI,MD,1755,1916.0,81.0,1.0,12.0,1845,2008.0,83.0,1.0,6.0,50.0,52.0,34.0,121.0,0.0,,0.0,81.0,0.0,2.0,0.0,0.0,-2.0,1
2025,1,1,3,2025-01-01,WN,1107,RIC,VA,MDW,IL,735,723.0,-12.0,0.0,11.0,845,819.0,-26.0,0.0,4.0,130.0,116.0,101.0,629.0,0.0,,0.0,,,,,,14.0,0
2025,1,1,3,2025-01-01,YX,4451,RIC,VA,LGA,NY,637,633.0,-4.0,0.0,14.0,758,748.0,-10.0,0.0,10.0,81.0,75.0,51.0,292.0,0.0,,0.0,,,,,,6.0,0
2025,1,1,3,2025-01-01,YX,5697,RIC,VA,BOS,MA,915,907.0,-8.0,0.0,17.0,1054,1042.0,-12.0,0.0,13.0,99.0,95.0,65.0,474.0,0.0,,0.0,,,,,,4.0,0
2025,1,1,3,2025-01-01,DL,2937,ROA,VA,ATL,GA,600,550.0,-10.0,0.0,16.0,741,714.0,-27.0,0.0,6.0,101.0,84.0,62.0,357.0,0.0,,0.0,,,,,,17.0,0
2025,1,1,3,2025-01-01,G4,1317,ROA,VA,SFB,FL,2152,2228.0,36.0,1.0,17.0,2340,18.0,38.0,1.0,7.0,108.0,110.0,86.0,594.0,0.0,,0.0,0.0,0.0,2.0,0.0,36.0,-2.0,1
2025,1,1,3,2025-01-01,OO,5457,ROA,VA,ORD,IL,1052,1055.0,3.0,0.0,14.0,1202,1153.0,-9.0,0.0,14.0,130.0,118.0,90.0,531.0,0.0,,0.0,,,,,,12.0,0
2025,1,1,3,2025-01-01,OO,5598,ROA,VA,ORD,IL,1015,1008.0,-7.0,0.0,17.0,1128,1107.0,-21.0,0.0,10.0,133.0,119.0,92.0,531.0,0.0,,0.0,,,,,,14.0,0
2025,1,1,3,2025-01-01,OO,5734,ROA,VA,ORD,IL,1746,1841.0,55.0,1.0,14.0,1855,1939.0,44.0,1.0,12.0,129.0,118.0,92.0,531.0,0.0,,0.0,0.0,0.0,0.0,0.0,44.0,11.0,1
2025,1,2,4,2025-01-02,OO,4651,CHO,VA,ORD,IL,630,642.0,12.0,0.0,11.0,750,749.0,-1.0,0.0,16.0,140.0,127.0,100.0,566.0,0.0,,0.0,,,,,,13.0,0
2025,1,2,4,2025-01-02,OO,5606,CHO,VA,ORD,IL,1745,1800.0,15.0,1.0,25.0,1850,1918.0,28.0,1.0,17.0,125.0,138.0,96.0,566.0,0.0,,0.0,15.0,0.0,13.0,0.0,0.0,-13.0,1
2025,1,2,4,2025-01-02,AA,347,DCA,VA,MIA,FL,959,959.0,0.0,0.0,13.0,1257,1234.0,-23.0,0.0,9.0,178.0,155.0,133.0,919.0,0.0,,0.0,,,,,,23.0,0
2025,1,2,4,2025-01-02,AA,365,DCA,VA,CLT,NC,1957,1956.0,-1.0,0.0,23.0,2135,2136.0,1.0,0.0,7.0,98.0,100.0,70.0,331.0,0.0,,0.0,,,,,,-2.0,0
2025,1,2,4,2025-01-02,AA,391,DCA,VA,MIA,FL,612,605.0,-7.0,0.0,13.0,911,842.0,-29.0,0.0,8.0,179.0,157.0,136.0,919.0,0.0,,0.0,,,,,,22.0,0
2025,1,2,4,2025-01-02,AA,422,DCA,VA,MIA,FL,815,811.0,-4.0,0.0,21.0,1113,1103.0,-10.0,0.0,11.0,178.0,172.0,140.0,919.0,0.0,,0.0,,,,,,6.0,0
2025,1,2,4,2025-01-02,AA,436,DCA,VA,BOS,MA,1454,1503.0,9.0,0.0,25.0,1628,1638.0,10.0,0.0,4.0,94.0,95.0,66.0,399.0,0.0,,0.0,,,,,,-1.0,0
2025,1,2,4,2025-01-02,AA,489,DCA,VA,ORD,IL,1154,1149.0,-5.0,0.0,14.0,1314,1254.0,-20.0,0.0,9.0,140.0,125.0,102.0,612.0,0.0,,0.0,,,,,,15.0,0
2025,1,2,4,2025-01-02,AA,544,DCA,VA,TPA,FL,1951,1947.0,-4.0,0.0,15.0,2229,2231.0,2.0,0.0,20.0,158.0,164.0,129.0,814.0,0.0,,0.0,,,,,,-6.0,0
2025,1,2,4,2025-01-02,AA,555,DCA,VA,MIA,FL,500,456.0,-4.0,0.0,12.0,749,737.0,-12.0,0.0,7.0,169.0,161.0,142.0,919.0,0.0,,0.0,,,,,,8.0,0
2025,1,2,4,2025-01-02,AA,592,DCA,VA,MCO,FL,644,643.0,-1.0,0.0,14.0,922,901.0,-21.0,0.0,11.0,158.0,138.0,113.0,759.0,0.0,,0.0,,,,,,20.0,0
2025,1,2,4,2025-01-02,AA,1632,DCA,VA,DFW,TX,1714,1705.0,-9.0,0.0,16.0,1956,1940.0,-16.0,0.0,13.0,222.0,215.0,186.0,1192.0,0.0,,0.0,,,,,,7.0,0
2025,1,2,4,2025-01-02,AA,1721,DCA,VA,MCO,FL,1520,1510.0,-10.0,0.0,12.0,1755,1750.0,-5.0,0.0,25.0,155.0,160.0,123.0,759.0,0.0,,0.0,,,,,,-5.0,0
2025,1,2,4,2025-01-02,AA,1762,DCA,VA,ORD,IL,1454,1455.0,1.0,0.0,14.0,1616,1557.0,-19.0,0.0,10.0,142.0,122.0,98.0,612.0,0.0,,0.0,,,,,,20.0,0
2025,1,2,4,2025-01-02,AA,1839,DCA,VA,DFW,TX,630,623.0,-7.0,0.0,15.0,917,859.0,-18.0,0.0,14.0,227.0,216.0,187.0,1192.0,0.0,,0.0,,,,,,11.0,0
2025,1,2,4,2025-01-02,AA,1893,DCA,VA,BDL,CT,2225,2213.0,-12.0,0.0,12.0,2352,2320.0,-32.0,0.0,4.0,87.0,67.0,51.0,313.0,0.0,,0.0,,,,,,20.0,0
2025,1,2,4,2025-01-02,AA,2841,DCA,VA,CLT,NC,500,452.0,-8.0,0.0,13.0,639,611.0,-28.0,0.0,4.0,99.0,79.0,62.0,331.0,0.0,,0.0,,,,,,20.0,0
2025,1,2,4,2025-01-02,AA,2844,DCA,VA,PHX,AZ,700,657.0,-3.0,0.0,19.0,1022,1017.0,-5.0,0.0,7.0,322.0,320.0,294.0,1979.0,0.0,,0.0,,,,,,2.0,0
2025,1,2,4,2025-01-02,AA,2903,DCA,VA,ORD,IL,559,549.0,-10.0,0.0,11.0,719,650.0,-29.0,0.0,7.0,140.0,121.0,103.0,612.0,0.0,,0.0,,,,,,19.0,0
2025,1,2,4,2025-01-02,AA,2939,DCA,VA,FLL,FL,1011,1005.0,-6.0,0.0,20.0,1313,1247.0,-26.0,0.0,3.0,182.0,162.0,139.0,899.0,0.0,,0.0,,,,,,20.0,0
2025,1,2,4,2025-01-02,AA,2943,DCA,VA,FLL,FL,1502,1516.0,14.0,0.0,13.0,1753,1804.0,11.0,0.0,20.0,171.0,168.0,135.0,899.0,0.0,,0.0,,,,,,3.0,0
2025,1,2,4,2025-01-02,AA,2959,DCA,VA,ORD,IL,1713,1701.0,-12.0,0.0,18.0,1836,1823.0,-13.0,0.0,24.0,143.0,142.0,100.0,612.0,0.0,,0.0,,,,,,1.0,0
2025,1,2,4,2025-01-02,AA,2987,DCA,VA,MIA,FL,1600,1557.0,-3.0,0.0,22.0,1900,1851.0,-9.0,0.0,7.0,180.0,174.0,145.0,919.0,0.0,,0.0,,,,,,6.0,0
2025,1,2,4,2025-01-02,AA,3008,DCA,VA,LGA,NY,1545,1623.0,38.0,1.0,28.0,1657,1744.0,47.0,1.0,5.0,72.0,81.0,48.0,214.0,0.0,,0.0,2.0,0.0,9.0,0.0,36.0,-9.0,1
2025,1,2,4,2025-01-02,AA,3018,DCA,VA,MIA,FL,1154,1149.0,-5.0,0.0,12.0,1450,1432.0,-18.0,0.0,6.0,176.0,163.0,145.0,919.0,0.0,,0.0,,,,,,13.0,0
2025,1,2,4,2025-01-02,AA,3066,DCA,VA,DFW,TX,1520,1513.0,-7.0,0.0,19.0,1809,1748.0,-21.0,0.0,13.0,229.0,215.0,183.0,1192.0,0.0,,0.0,,,,,,14.0,0
2025,1,2,4,2025-01-02,AA,1090,DCA,VA,DFW,TX,1154,1152.0,-2.0,0.0,22.0,1442,1423.0,-19.0,0.0,6.0,228.0,211.0,183.0,1192.0,0.0,,0.0,,,,,,17.0,0
2025,1,2,4,2025-01-02,AA,1153,DCA,VA,PBI,FL,1014,1003.0,-11.0,0.0,29.0,1309,1257.0,-12.0,0.0,4.0,175.0,174.0,141.0,857.0,0.0,,0.0,,,,,,1.0,0
2025,1,2,4,2025-01-02,AA,1158,DCA,VA,DFW,TX,1859,1853.0,-6.0,0.0,18.0,2145,2129.0,-16.0,0.0,17.0,226.0,216.0,181.0,1192.0,0.0,,0.0,,,,,,10.0,0
2025,1,2,4,2025-01-02,AA,1162,DCA,VA,LAX,CA,1730,1720.0,-10.0,0.0,14.0,2021,1953.0,-28.0,0.0,8.0,351.0,333.0,311.0,2311.0,0.0,,0.0,,,,,,18.0,0
2025,1,2,4,2025-01-02,AA,1170,DCA,VA,MCO,FL,1145,1207.0,22.0,1.0,16.0,1423,1431.0,8.0,0.0,12.0,158.0,144.0,116.0,759.0,0.0,,0.0,,,,,,14.0,0
2025,1,2,4,2025-01-02,AA,1177,DCA,VA,DFW,TX,1312,1307.0,-5.0,0.0,14.0,1556,1542.0,-14.0,0.0,15.0,224.0,215.0,186.0,1192.0,0.0,,0.0,,,,,,9.0,0
2025,1,2,4,2025-01-02,AA,1181,DCA,VA,JAX,FL,819,813.0,-6.0,0.0,35.0,1031,1034.0,3.0,0.0,7.0,132.0,141.0,99.0,634.0,0.0,,0.0,,,,,,-9.0,0
2025,1,2,4,2025-01-02,AA,1200,DCA,VA,ORD,IL,944,945.0,1.0,0.0,11.0,1102,1045.0,-17.0,0.0,9.0,138.0,120.0,100.0,612.0,0.0,,0.0,,,,,,18.0,0
2025,1,2,4,2025-01-02,AA,1218,DCA,VA,PHX,AZ,1020,1014.0,-6.0,0.0,21.0,1348,1332.0,-16.0,0.0,5.0,328.0,318.0,292.0,1979.0,0.0,,0.0,,,,,,10.0,0
2025,1,2,4,2025-01-02,AA,1907,DCA,VA,DFW,TX,917,908.0,-9.0,0.0,15.0,1205,1135.0,-30.0,0.0,9.0,228.0,207.0,183.0,1192.0,0.0,,0.0,,,,,,21.0,0
2025,1,2,4,2025-01-02,AA,1921,DCA,VA,JAX,FL,1459,1456.0,-3.0,0.0,18.0,1710,1700.0,-10.0,0.0,7.0,131.0,124.0,99.0,634.0,0.0,,0.0,,,,,,7.0,0
2025,1,2,4,2025-01-02,AA,1975,DCA,VA,LAS,NV,740,736.0,-4.0,0.0,15.0,959,953.0,-6.0,0.0,6.0,319.0,317.0,296.0,2089.0,0.0,,0.0,,,,,,2.0,0
2025,1,2,4,2025-01-02,AA,1986,DCA,VA,LAX,CA,840,838.0,-2.0,0.0,23.0,1150,1130.0,-20.0,0.0,9.0,370.0,352.0,320.0,2311.0,0.0,,0.0,,,,,,18.0,0
2025,1,2,4,2025-01-02,AA,2007,DCA,VA,DFW,TX,500,455.0,-5.0,0.0,15.0,749,726.0,-23.0,0.0,13.0,229.0,211.0,183.0,1192.0,0.0,,0.0,,,,,,18.0,0
2025,1,2,4,2025-01-02,AA,2033,DCA,VA,ORD,IL,700,656.0,-4.0,0.0,25.0,821,816.0,-5.0,0.0,11.0,141.0,140.0,104.0,612.0,0.0,,0.0,,,,,,1.0,0
2025,1,2,4,2025-01-02,AA,2120,DCA,VA,BOS,MA,2211,2206.0,-5.0,0.0,15.0,2353,2336.0,-17.0,0.0,4.0,102.0,90.0,71.0,399.0,0.0,,0.0,,,,,,12.0,0
2025,1,2,4,2025-01-02,AA,2128,DCA,VA,MCO,FL,820,815.0,-5.0,0.0,23.0,1057,1055.0,-2.0,0.0,14.0,157.0,160.0,123.0,759.0,0.0,,0.0,,,,,,-3.0,0
2025,1,2,4,2025-01-02,AA,2139,DCA,VA,MCO,FL,1738,1922.0,104.0,1.0,18.0,2018,2151.0,93.0,1.0,16.0,160.0,149.0,115.0,759.0,0.0,,0.0,0.0,0.0,0.0,0.0,93.0,11.0,1
2025,1,2,4,2025-01-02,AA,2182,DCA,VA,CLT,NC,1730,1723.0,-7.0,0.0,30.0,1907,1908.0,1.0,0.0,7.0,97.0,105.0,68.0,331.0,0.0,,0.0,,,,,,-8.0,0
2025,1,2,4,2025-01-02,AA,3133,DCA,VA,MIA,FL,701,655.0,-6.0,0.0,11.0,1000,941.0,-19.0,0.0,9.0,179.0,166.0,146.0,919.0,0.0,,0.0,,,,,,13.0,0
2025,1,2,4,2025-01-02,AA,3194,DCA,VA,CLT,NC,646,641.0,-5.0,0.0,12.0,825,814.0,-11.0,0.0,10.0,99.0,93.0,71.0,331.0,0.0,,0.0,,,,,,6.0,0
2025,1,2,4,2025-01-02,AA,620,DCA,VA,CLT,NC,1138,1155.0,17.0,1.0,13.0,1318,1317.0,-1.0,0.0,8.0,100.0,82.0,61.0,331.0,0.0,,0.0,,,,,,18.0,0
2025,1,2,4,2025-01-02,AA,865,DCA,VA,MIA,FL,1724,1728.0,4.0,0.0,24.0,2023,2023.0,0.0,0.0,13.0,179.0,175.0,138.0,919.0,0.0,,0.0,,,,,,4.0,0
2025,1,2,4,2025-01-02,AA,897,DCA,VA,MIA,FL,1824,1831.0,7.0,0.0,16.0,2119,2114.0,-5.0,0.0,9.0,175.0,163.0,138.0,919.0,0.0,,0.0,,,,,,12.0,0
2025,1,2,4,2025-01-02,AA,966,DCA,VA,CLT,NC,1011,1101.0,50.0,1.0,17.0,1206,1225.0,19.0,1.0,6.0,115.0,84.0,61.0,331.0,0.0,,0.0,0.0,0.0,0.0,0.0,19.0,31.0,1
2025,1,2,4,2025-01-02,AA,2297,DCA,VA,PBI,FL,1546,1556.0,10.0,0.0,14.0,1826,1826.0,0.0,0.0,4.0,160.0,150.0,132.0,857.0,0.0,,0.0,,,,,,10.0,0
2025,1,2,4,2025-01-02,AA,2473,DCA,VA,SRQ,FL,819,822.0,3.0,0.0,41.0,1111,1122.0,11.0,0.0,6.0,172.0,180.0,133.0,851.0,0.0,,0.0,,,,,,-8.0,0
2025,1,2,4,2025-01-02,AA,1394,DCA,VA,PBI,FL,815,813.0,-2.0,0.0,22.0,1056,1045.0,-11.0,0.0,5.0,161.0,152.0,125.0,857.0,0.0,,0.0,,,,,,9.0,0
2025,1,2,4,2025-01-02,AA,1399,DCA,VA,BOS,MA,1659,1712.0,13.0,0.0,15.0,1832,1847.0,15.0,1.0,6.0,93.0,95.0,74.0,399.0,0.0,,0.0,0.0,0.0,2.0,0.0,13.0,-2.0,1
2025,1,2,4,2025-01-02,AA,1428,DCA,VA,DFW,TX,759,751.0,-8.0,0.0,16.0,1048,1035.0,-13.0,0.0,13.0,229.0,224.0,195.0,1192.0,0.0,,0.0,,,,,,5.0,0
2025,1,2,4,2025-01-02,AA,1517,DCA,VA,BDL,CT,1659,1655.0,-4.0,0.0,9.0,1819,1800.0,-19.0,0.0,5.0,80.0,65.0,51.0,313.0,0.0,,0.0,,,,,,15.0,0
2025,1,2,4,2025-01-02,AA,1518,DCA,VA,CLT,NC,834,828.0,-6.0,0.0,29.0,1030,1016.0,-14.0,0.0,14.0,116.0,108.0,65.0,331.0,0.0,,0.0,,,,,,8.0,0
2025,1,2,4,2025-01-02,AA,1540,DCA,VA,RSW,FL,1541,1608.0,27.0,1.0,14.0,1827,1845.0,18.0,1.0,4.0,166.0,157.0,139.0,892.0,0.0,,0.0,18.0,0.0,0.0,0.0,0.0,9.0,1
2025,1,2,4,2025-01-02,AA,1612,DCA,VA,MIA,FL,1333,1332.0,-1.0,0.0,14.0,1630,1608.0,-22.0,0.0,5.0,177.0,156.0,137.0,919.0,0.0,,0.0,,,,,,21.0,0
2025,1,2,4,2025-01-02,AA,1618,DCA,VA,DFW,TX,1035,1023.0,-12.0,0.0,25.0,1332,1259.0,-33.0,0.0,9.0,237.0,216.0,182.0,1192.0,0.0,,0.0,,,,,,21.0,0
2025,1,2,4,2025-01-02,AA,1619,DCA,VA,MIA,FL,2005,2017.0,12.0,0.0,21.0,2310,2305.0,-5.0,0.0,6.0,185.0,168.0,141.0,919.0,0.0,,0.0,,,,,,17.0,0
2025,1,2,4,2025-01-02,AA,1630,DCA,VA,ORD,IL,2045,2115.0,30.0,1.0,10.0,2205,2210.0,5.0,0.0,9.0,140.0,115.0,96.0,612.0,0.0,,0.0,,,,,,25.0,0
2025,1,2,4,2025-01-02,AA,2522,DCA,VA,TPA,FL,1350,1344.0,-6.0,0.0,34.0,1620,1634.0,14.0,0.0,3.0,150.0,170.0,133.0,814.0,0.0,,0.0,,,,,,-20.0,0
2025,1,2,4,2025-01-02,AA,2524,DCA,VA,TPA,FL,1012,1015.0,3.0,0.0,22.0,1304,1253.0,-11.0,0.0,13.0,172.0,158.0,123.0,814.0,0.0,,0.0,,,,,,14.0,0
2025,1,2,4,2025-01-02,AA,2761,DCA,VA,PHX,AZ,1705,1658.0,-7.0,0.0,11.0,2021,2006.0,-15.0,0.0,20.0,316.0,308.0,277.0,1979.0,0.0,,0.0,,,,,,8.0,0
2025,1,2,4,2025-01-02,AS,1,DCA,VA,SEA,WA,800,754.0,-6.0,0.0,18.0,1100,1055.0,-5.0,0.0,9.0,360.0,361.0,334.0,2329.0,0.0,,0.0,,,,,,-1.0,0
2025,1,2,4,2025-01-02,AS,3,DCA,VA,SEA,WA,1740,1728.0,-12.0,0.0,18.0,2044,2039.0,-5.0,0.0,9.0,364.0,371.0,344.0,2329.0,0.0,,0.0,,,,,,-7.0,0
2025,1,2,4,2025-01-02,AS,5,DCA,VA,LAX,CA,920,909.0,-11.0,0.0,16.0,1223,1225.0,2.0,0.0,33.0,363.0,376.0,327.0,2311.0,0.0,,0.0,,,,,,-13.0,0
2025,1,2,4,2025-01-02,AS,7,DCA,VA,SFO,CA,1715,1658.0,-17.0,0.0,31.0,2033,2022.0,-11.0,0.0,6.0,378.0,384.0,347.0,2442.0,0.0,,0.0,,,,,,-6.0,0
2025,1,2,4,2025-01-02,AS,9,DCA,VA,PDX,OR,1854,1834.0,-20.0,0.0,18.0,2157,2143.0,-14.0,0.0,6.0,363.0,369.0,345.0,2350.0,0.0,,0.0,,,,,,-6.0,0
2025,1,2,4,2025-01-02,B6,579,DCA,VA,FLL,FL,1220,1230.0,10.0,0.0,12.0,1502,1512.0,10.0,0.0,6.0,162.0,162.0,144.0,899.0,0.0,,0.0,,,,,,0.0,0
2025,1,2,4,2025-01-02,B6,654,DCA,VA,BOS,MA,1045,1028.0,-17.0,0.0,32.0,1218,1210.0,-8.0,0.0,5.0,93.0,102.0,65.0,399.0,0.0,,0.0,,,,,,-9.0,0
2025,1,2,4,2025-01-02,B6,1333,DCA,VA,PBI,FL,912,906.0,-6.0,0.0,15.0,1152,1145.0,-7.0,0.0,8.0,160.0,159.0,136.0,857.0,0.0,,0.0,,,,,,1.0,0
2025,1,2,4,2025-01-02,B6,1347,DCA,VA,SJU,PR,800,756.0,-4.0,0.0,14.0,1240,1230.0,-10.0,0.0,3.0,220.0,214.0,197.0,1554.0,0.0,,0.0,,,,,,6.0,0
2025,1,2,4,2025-01-02,B6,1379,DCA,VA,FLL,FL,700,654.0,-6.0,0.0,14.0,942,931.0,-11.0,0.0,4.0,162.0,157.0,139.0,899.0,0.0,,0.0,,,,,,5.0,0
2025,1,2,4,2025-01-02,B6,1554,DCA,VA,BOS,MA,600,553.0,-7.0,0.0,10.0,731,707.0,-24.0,0.0,5.0,91.0,74.0,59.0,399.0,0.0,,0.0,,,,,,17.0,0
2025,1,2,4,2025-01-02,B6,1733,DCA,VA,PBI,FL,1759,1845.0,46.0,1.0,10.0,2038,2110.0,32.0,1.0,3.0,159.0,145.0,132.0,857.0,0.0,,0.0,5.0,0.0,0.0,0.0,27.0,14.0,1
2025,1,2,4,2025-01-02,B6,1779,DCA,VA,FLL,FL,2059,2122.0,23.0,1.0,11.0,2337,2351.0,14.0,0.0,4.0,158.0,149.0,134.0,899.0,0.0,,0.0,,,,,,9.0,0
2025,1,2,4,2025-01-02,B6,1854,DCA,VA,BOS,MA,745,736.0,-9.0,0.0,14.0,916,855.0,-21.0,0.0,5.0,91.0,79.0,60.0,399.0,0.0,,0.0,,,,,,12.0,0
2025,1,2,4,2025-01-02,B6,1979,DCA,VA,FLL,FL,1700,1738.0,38.0,1.0,21.0,1944,2024.0,40.0,1.0,6.0,164.0,166.0,139.0,899.0,0.0,,0.0,14.0,0.0,2.0,0.0,24.0,-2.0,1
2025,1,2,4,2025-01-02,B6,2023,DCA,VA,MCO,FL,1400,1406.0,6.0,0.0,14.0,1632,1630.0,-2.0,0.0,10.0,152.0,144.0,120.0,759.0,0.0,,0.0,,,,,,8.0,0
2025,1,2,4,2025-01-02,B6,2354,DCA,VA,BOS,MA,1655,1708.0,13.0,0.0,15.0,1829,1839.0,10.0,0.0,7.0,94.0,91.0,69.0,399.0,0.0,,0.0,,,,,,3.0,0
2025,1,2,4,2025-01-02,B6,2423,DCA,VA,MCO,FL,1000,959.0,-1.0,0.0,19.0,1233,1242.0,9.0,0.0,19.0,153.0,163.0,125.0,759.0,0.0,,0.0,,,,,,-10.0,0
2025,1,2,4,2025-01-02,B6,2454,DCA,VA,BOS,MA,1144,1135.0,-9.0,0.0,15.0,1314,1302.0,-12.0,0.0,6.0,90.0,87.0,66.0,399.0,0.0,,0.0,,,,,,3.0,0
2025,1,2,4,2025-01-02,B6,2523,DCA,VA,MCO,FL,1854,1921.0,27.0,1.0,16.0,2125,2137.0,12.0,0.0,9.0,151.0,136.0,111.0,759.0,0.0,,0.0,,,,,,15.0,0
2025,1,2,4,2025-01-02,DL,330,DCA,VA,ATL,GA,605,551.0,-14.0,0.0,8.0,810,734.0,-36.0,0.0,5.0,125.0,103.0,90.0,547.0,0.0,,0.0,,,,,,22.0,0
2025,1,2,4,2025-01-02,DL,360,DCA,VA,ATL,GA,1525,1518.0,-7.0,0.0,9.0,1728,1704.0,-24.0,0.0,5.0,123.0,106.0,92.0,547.0,0.0,,0.0,,,,,,17.0,0
2025,1,2,4,2025-01-02,DL,380,DCA,VA,ATL,GA,1226,1217.0,-9.0,0.0,12.0,1426,1400.0,-26.0,0.0,5.0,120.0,103.0,86.0,547.0,0.0,,0.0,,,,,,17.0,0
2025,1,2,4,2025-01-02,DL,392,DCA,VA,LAX,CA,1710,1738.0,28.0,1.0,20.0,2000,2058.0,58.0,1.0,37.0,350.0,380.0,323.0,2311.0,0.0,,0.0,17.0,0.0,30.0,0.0,11.0,-30.0,1
2025,1,2,4,2025-01-02,DL,410,DCA,VA,ATL,GA,720,711.0,-9.0,0.0,11.0,927,916.0,-11.0,0.0,25.0,127.0,125.0,89.0,547.0,0.0,,0.0,,,,,,2.0,0
2025,1,2,4,2025-01-02,DL,455,DCA,VA,ATL,GA,820,809.0,-11.0,0.0,10.0,1025,954.0,-31.0,0.0,5.0,125.0,105.0,90.0,547.0,0.0,,0.0,,,,,,20.0,0
2025,1,2,4,2025-01-02,DL,1454,DCA,VA,DTW,MI,1742,1757.0,15.0,1.0,10.0,1925,1933.0,8.0,0.0,14.0,103.0,96.0,72.0,405.0,0.0,,0.0,,,,,,7.0,0
2025,1,2,4,2025-01-02,DL,1493,DCA,VA,MSP,MN,810,757.0,-13.0,0.0,12.0,1005,949.0,-16.0,0.0,24.0,175.0,172.0,136.0,931.0,0.0,,0.0,,,,,,3.0,0
2025,1,2,4,2025-01-02,DL,2869,DCA,VA,DTW,MI,600,609.0,9.0,0.0,10.0,743,745.0,2.0,0.0,13.0,103.0,96.0,73.0,405.0,0.0,,0.0,,,,,,7.0,0
2025,1,2,4,2025-01-02,DL,2958,DCA,VA,MSP,MN,1137,1124.0,-13.0,0.0,14.0,1329,1259.0,-30.0,0.0,4.0,172.0,155.0,137.0,931.0,0.0,,0.0,,,,,,17.0,0
2025,1,2,4,2025-01-02,DL,2963,DCA,VA,MSP,MN,1907,1847.0,-20.0,0.0,25.0,2059,2039.0,-20.0,0.0,7.0,172.0,172.0,140.0,931.0,0.0,,0.0,,,,,,0.0,0
2025,1,2,4,2025-01-02,DL,2983,DCA,VA,MSP,MN,1500,1447.0,-13.0,0.0,10.0,1655,1617.0,-38.0,0.0,4.0,175.0,150.0,136.0,931.0,0.0,,0.0,,,,,,25.0,0
2025,1,2,4,2025-01-02,DL,563,DCA,VA,ATL,GA,1745,1733.0,-12.0,0.0,21.0,1951,1929.0,-22.0,0.0,7.0,126.0,116.0,88.0,547.0,0.0,,0.0,,,,,,10.0,0
2025,1,2,4,2025-01-02,DL,737,DCA,VA,ATL,GA,1405,1406.0,1.0,0.0,11.0,1609,1552.0,-17.0,0.0,6.0,124.0,106.0,89.0,547.0,0.0,,0.0,,,,,,18.0,0
2025,1,2,4,2025-01-02,DL,820,DCA,VA,SLC,UT,1710,1707.0,-3.0,0.0,19.0,2015,2005.0,-10.0,0.0,8.0,305.0,298.0,271.0,1851.0,0.0,,0.0,,,,,,7.0,0
2025,1,2,4,2025-01-02,DL,832,DCA,VA,ATL,GA,1955,1949.0,-6.0,0.0,17.0,2200,2153.0,-7.0,0.0,20.0,125.0,124.0,87.0,547.0,0.0,,0.0,,,,,,1.0,0
2025,1,2,4,2025-01-02,DL,1558,DCA,VA,DTW,MI,1000,950.0,-10.0,0.0,8.0,1145,1118.0,-27.0,0.0,10.0,105.0,88.0,70.0,405.0,0.0,,0.0,,,,,,17.0,0
2025,1,2,4,2025-01-02,DL,926,DCA,VA,ATL,GA,1000,1027.0,27.0,1.0,20.0,1205,1218.0,13.0,0.0,7.0,125.0,111.0,84.0,547.0,0.0,,0.0,,,,,,14.0,0
2025,1,2,4,2025-01-02,DL,950,DCA,VA,ATL,GA,1850,1851.0,1.0,0.0,18.0,2058,2043.0,-15.0,0.0,6.0,128.0,112.0,88.0,547.0,0.0,,0.0,,,,,,16.0,0
2025,1,2,4,2025-01-02,DL,1003,DCA,VA,MCO,FL,800,749.0,-11.0,0.0,9.0,1030,1022.0,-8.0,0.0,15.0,150.0,153.0,129.0,759.0,0.0,,0.0,,,,,,-3.0,0
2025,1,2,4,2025-01-02,DL,1193,DCA,VA,MSP,MN,600,550.0,-10.0,0.0,12.0,755,723.0,-32.0,0.0,4.0,175.0,153.0,137.0,931.0,0.0,,0.0,,,,,,22.0,0
2025,1,2,4,2025-01-02,DL,2476,DCA,VA,DTW,MI,1231,1226.0,-5.0,0.0,9.0,1417,1348.0,-29.0,0.0,3.0,106.0,82.0,70.0,405.0,0.0,,0.0,,,,,,24.0,0
2025,1,2,4,2025-01-02,DL,2576,DCA,VA,MIA,FL,1450,1440.0,-10.0,0.0,11.0,1739,1723.0,-16.0,0.0,8.0,169.0,163.0,144.0,919.0,0.0,,0.0,,,,,,6.0,0
2025,1,2,4,2025-01-02,F9,689,DCA,VA,DEN,CO,1800,1753.0,-7.0,0.0,16.0,2019,2002.0,-17.0,0.0,12.0,259.0,249.0,221.0,1476.0,0.0,,0.0,,,,,,10.0,0
2025,1,2,4,2025-01-02,F9,687,DCA,VA,DEN,CO,1301,1252.0,-9.0,0.0,12.0,1520,1502.0,-18.0,0.0,16.0,259.0,250.0,222.0,1476.0,0.0,,0.0,,,,,,9.0,0
2025,1,2,4,2025-01-02,F9,685,DCA,VA,DEN,CO,700,654.0,-6.0,0.0,10.0,920,857.0,-23.0,0.0,14.0,260.0,243.0,219.0,1476.0,0.0,,0.0,,,,,,17.0,0
2025,1,2,4,2025-01-02,MQ,3627,DCA,VA,LIT,AR,1700,1656.0,-4.0,0.0,10.0,1853,1834.0,-19.0,0.0,8.0,173.0,158.0,140.0,888.0,0.0,,0.0,,,,,,15.0,0
2025,1,2,4,2025-01-02,MQ,3784,DCA,VA,EYW,FL,1227,1229.0,2.0,0.0,15.0,1527,1522.0,-5.0,0.0,3.0,180.0,173.0,155.0,1023.0,0.0,,0.0,,,,,,7.0,0
2025,1,2,4,2025-01-02,MQ,3822,DCA,VA,JAX,FL,1130,1129.0,-1.0,0.0,14.0,1341,1332.0,-9.0,0.0,4.0,131.0,123.0,105.0,634.0,0.0,,0.0,,,,,,8.0,0
2025,1,2,4,2025-01-02,MQ,4027,DCA,VA,ILM,NC,816,817.0,1.0,0.0,38.0,958,1003.0,5.0,0.0,6.0,102.0,106.0,62.0,319.0,0.0,,0.0,,,,,,-4.0,0
2025,1,2,4,2025-01-02,MQ,4042,DCA,VA,CMH,OH,2200,2157.0,-3.0,0.0,16.0,2331,2321.0,-10.0,0.0,7.0,91.0,84.0,61.0,323.0,0.0,,0.0,,,,,,7.0,0
2025,1,2,4,2025-01-02,OH,5038,DCA,VA,GSP,SC,1715,1703.0,-12.0,0.0,17.0,1854,1832.0,-22.0,0.0,3.0,99.0,89.0,69.0,396.0,0.0,,0.0,,,,,,10.0,0
2025,1,2,4,2025-01-02,OH,5039,DCA,VA,GRR,MI,1334,1329.0,-5.0,0.0,15.0,1526,1513.0,-13.0,0.0,3.0,112.0,104.0,86.0,524.0,0.0,,0.0,,,,,,8.0,0
2025,1,2,4,2025-01-02,OH,5041,DCA,VA,HSV,AL,819,942.0,83.0,1.0,21.0,937,1048.0,71.0,1.0,7.0,138.0,126.0,98.0,613.0,0.0,,0.0,0.0,0.0,0.0,0.0,71.0,12.0,1
2025,1,2,4,2025-01-02,OH,5049,DCA,VA,MHT,NH,1015,1007.0,-8.0,0.0,23.0,1207,1151.0,-16.0,0.0,4.0,112.0,104.0,77.0,406.0,0.0,,0.0,,,,,,8.0,0
2025,1,2,4,2025-01-02,OH,5056,DCA,VA,PWM,ME,1000,1004.0,4.0,0.0,39.0,1153,1154.0,1.0,0.0,2.0,113.0,110.0,69.0,482.0,0.0,,0.0,,,,,,3.0,0
2025,1,2,4,2025-01-02,OH,5065,DCA,VA,TYS,TN,1703,1713.0,10.0,0.0,24.0,1849,1902.0,13.0,0.0,10.0,106.0,109.0,75.0,437.0,0.0,,0.0,,,,,,-3.0,0
2025,1,2,4,2025-01-02,OH,5067,DCA,VA,PVD,RI,1222,1221.0,-1.0,0.0,16.0,1348,1335.0,-13.0,0.0,3.0,86.0,74.0,55.0,356.0,0.0,,0.0,,,,,,12.0,0
2025,1,2,4,2025-01-02,OH,5068,DCA,VA,BNA,TN,1730,1719.0,-11.0,0.0,22.0,1834,1835.0,1.0,0.0,6.0,124.0,136.0,108.0,562.0,0.0,,0.0,,,,,,-12.0,0
2025,1,2,4,2025-01-02,OH,5073,DCA,VA,PNS,FL,835,835.0,0.0,0.0,37.0,1031,1029.0,-2.0,0.0,3.0,176.0,174.0,134.0,816.0,0.0,,0.0,,,,,,2.0,0
2025,1,2,4,2025-01-02,OH,5077,DCA,VA,GRR,MI,2200,2149.0,-11.0,0.0,11.0,2359,2330.0,-29.0,0.0,5.0,119.0,101.0,85.0,524.0,0.0,,0.0,,,,,,18.0,0
2025,1,2,4,2025-01-02,OH,5080,DCA,VA,AVL,NC,1247,1239.0,-8.0,0.0,20.0,1421,1409.0,-12.0,0.0,3.0,94.0,90.0,67.0,384.0,0.0,,0.0,,,,,,4.0,0
2025,1,2,4,2025-01-02,OH,5081,DCA,VA,CAE,SC,1730,1733.0,3.0,0.0,22.0,1909,1911.0,2.0,0.0,4.0,99.0,98.0,72.0,408.0,0.0,,0.0,,,,,,1.0,0
2025,1,2,4,2025-01-02,OH,5084,DCA,VA,DTW,MI,1500,1449.0,-11.0,0.0,16.0,1650,1630.0,-20.0,0.0,10.0,110.0,101.0,75.0,405.0,0.0,,0.0,,,,,,9.0,0
2025,1,2,4,2025-01-02,OH,5133,DCA,VA,CLT,NC,1529,1519.0,-10.0,0.0,17.0,1710,1646.0,-24.0,0.0,4.0,101.0,87.0,66.0,331.0,0.0,,0.0,,,,,,14.0,0
2025,1,2,4,2025-01-02,OH,5138,DCA,VA,BUF,NY,1517,1511.0,-6.0,0.0,15.0,1638,1622.0,-16.0,0.0,2.0,81.0,71.0,54.0,296.0,0.0,,0.0,,,,,,10.0,0
2025,1,2,4,2025-01-02,OH,5158,DCA,VA,ALB,NY,1240,1237.0,-3.0,0.0,13.0,1405,1347.0,-18.0,0.0,3.0,85.0,70.0,54.0,318.0,0.0,,0.0,,,,,,15.0,0
2025,1,2,4,2025-01-02,OH,5162,DCA,VA,ATL,GA,2000,1955.0,-5.0,0.0,20.0,2211,2151.0,-20.0,0.0,6.0,131.0,116.0,90.0,547.0,0.0,,0.0,,,,,,15.0,0
2025,1,2,4,2025-01-02,OH,5182,DCA,VA,CHS,SC,839,836.0,-3.0,0.0,39.0,1049,1050.0,1.0,0.0,9.0,130.0,134.0,86.0,444.0,0.0,,0.0,,,,,,-4.0,0
2025,1,2,4,2025-01-02,OH,5185,DCA,VA,ORF,VA,2042,2048.0,6.0,0.0,18.0,2138,2140.0,2.0,0.0,2.0,56.0,52.0,32.0,142.0,0.0,,0.0,,,,,,4.0,0
2025,1,2,4,2025-01-02,OH,5186,DCA,VA,BHM,AL,840,833.0,-7.0,0.0,32.0,1014,1002.0,-12.0,0.0,4.0,154.0,149.0,113.0,653.0,0.0,,0.0,,,,,,5.0,0
2025,1,2,4,2025-01-02,OH,5188,DCA,VA,ALB,NY,2207,2202.0,-5.0,0.0,32.0,2334,2336.0,2.0,0.0,1.0,87.0,94.0,61.0,318.0,0.0,,0.0,,,,,,-7.0,0
2025,1,2,4,2025-01-02,OH,5200,DCA,VA,MSY,LA,1300,1253.0,-7.0,0.0,16.0,1509,1452.0,-17.0,0.0,5.0,189.0,179.0,158.0,969.0,0.0,,0.0,,,,,,10.0,0
2025,1,2,4,2025-01-02,OH,5209,DCA,VA,ROC,NY,1527,1519.0,-8.0,0.0,34.0,1650,1658.0,8.0,0.0,7.0,83.0,99.0,58.0,296.0,0.0,,0.0,,,,,,-16.0,0
2025,1,2,4,2025-01-02,OH,5213,DCA,VA,BUF,NY,1030,1022.0,-8.0,0.0,34.0,1158,1152.0,-6.0,0.0,2.0,88.0,90.0,54.0,296.0,0.0,,0.0,,,,,,-2.0,0
2025,1,2,4,2025-01-02,OH,5217,DCA,VA,RDU,NC,823,814.0,-9.0,0.0,56.0,949,1003.0,14.0,0.0,4.0,86.0,109.0,49.0,227.0,0.0,,0.0,,,,,,-23.0,0
2025,1,2,4,2025-01-02,OH,5226,DCA,VA,CLE,OH,1659,1716.0,17.0,1.0,35.0,1827,1853.0,26.0,1.0,6.0,88.0,97.0,56.0,310.0,0.0,,0.0,2.0,0.0,9.0,0.0,15.0,-9.0,1
2025,1,2,4,2025-01-02,OH,5236,DCA,VA,HPN,NY,1645,1714.0,29.0,1.0,21.0,1807,1830.0,23.0,1.0,4.0,82.0,76.0,51.0,234.0,0.0,,0.0,23.0,0.0,0.0,0.0,0.0,6.0,1
2025,1,2,4,2025-01-02,OH,5243,DCA,VA,BUF,NY,2216,2207.0,-9.0,0.0,20.0,2346,2333.0,-13.0,0.0,9.0,90.0,86.0,57.0,296.0,0.0,,0.0,,,,,,4.0,0
2025,1,2,4,2025-01-02,OH,5254,DCA,VA,HPN,NY,1319,1320.0,1.0,0.0,13.0,1440,1426.0,-14.0,0.0,3.0,81.0,66.0,50.0,234.0,0.0,,0.0,,,,,,15.0,0
2025,1,2,4,2025-01-02,OH,5260,DCA,VA,SAV,GA,825,815.0,-10.0,0.0,29.0,1041,1021.0,-20.0,0.0,3.0,136.0,126.0,94.0,519.0,0.0,,0.0,,,,,,10.0,0
2025,1,2,4,2025-01-02,OH,5267,DCA,VA,GSP,SC,819,808.0,-11.0,0.0,31.0,959,953.0,-6.0,0.0,2.0,100.0,105.0,72.0,396.0,0.0,,0.0,,,,,,-5.0,0
2025,1,2,4,2025-01-02,OH,5278,DCA,VA,PNS,FL,1346,1337.0,-9.0,0.0,19.0,1526,1518.0,-8.0,0.0,3.0,160.0,161.0,139.0,816.0,0.0,,0.0,,,,,,-1.0,0
2025,1,2,4,2025-01-02,OH,5279,DCA,VA,MYR,SC,820,811.0,-9.0,0.0,9.0,1003,932.0,-31.0,0.0,2.0,103.0,81.0,70.0,372.0,0.0,,0.0,,,,,,22.0,0
2025,1,2,4,2025-01-02,OH,5282,DCA,VA,HPN,NY,938,927.0,-11.0,0.0,18.0,1059,1038.0,-21.0,0.0,3.0,81.0,71.0,50.0,234.0,0.0,,0.0,,,,,,10.0,0
2025,1,2,4,2025-01-02,OH,5283,DCA,VA,MHT,NH,2214,2238.0,24.0,1.0,18.0,2355,5.0,10.0,0.0,3.0,101.0,87.0,66.0,406.0,0.0,,0.0,,,,,,14.0,0
2025,1,2,4,2025-01-02,OH,5284,DCA,VA,PHL,PA,630,622.0,-8.0,0.0,22.0,737,723.0,-14.0,0.0,6.0,67.0,61.0,33.0,119.0,0.0,,0.0,,,,,,6.0,0
2025,1,2,4,2025-01-02,OH,5286,DCA,VA,ILM,NC,1720,1715.0,-5.0,0.0,17.0,1848,1832.0,-16.0,0.0,2.0,88.0,77.0,58.0,319.0,0.0,,0.0,,,,,,11.0,0
2025,1,2,4,2025-01-02,OH,5287,DCA,VA,SYR,NY,2220,2207.0,-13.0,0.0,24.0,2347,2340.0,-7.0,0.0,12.0,87.0,93.0,57.0,298.0,0.0,,0.0,,,,,,-6.0,0
2025,1,2,4,2025-01-02,OH,5289,DCA,VA,HPN,NY,1845,2012.0,87.0,1.0,24.0,2003,2130.0,87.0,1.0,4.0,78.0,78.0,50.0,234.0,0.0,,0.0,87.0,0.0,0.0,0.0,0.0,0.0,1
2025,1,2,4,2025-01-02,OH,5295,DCA,VA,BHM,AL,1355,1351.0,-4.0,0.0,16.0,1509,1502.0,-7.0,0.0,3.0,134.0,131.0,112.0,653.0,0.0,,0.0,,,,,,3.0,0
2025,1,2,4,2025-01-02,OH,5305,DCA,VA,CAK,OH,1955,1948.0,-7.0,0.0,23.0,2120,2106.0,-14.0,0.0,4.0,85.0,78.0,51.0,274.0,0.0,,0.0,,,,,,7.0,0
2025,1,2,4,2025-01-02,OH,5307,DCA,VA,MEM,TN,1443,1455.0,12.0,0.0,25.0,1620,1633.0,13.0,0.0,5.0,157.0,158.0,128.0,762.0,0.0,,0.0,,,,,,-1.0,0
2025,1,2,4,2025-01-02,OH,5308,DCA,VA,MHT,NH,1510,1500.0,-10.0,0.0,21.0,1650,1629.0,-21.0,0.0,4.0,100.0,89.0,64.0,406.0,0.0,,0.0,,,,,,11.0,0
2025,1,2,4,2025-01-02,OH,5325,DCA,VA,BTV,VT,959,949.0,-10.0,0.0,15.0,1145,1113.0,-32.0,0.0,3.0,106.0,84.0,66.0,437.0,0.0,,0.0,,,,,,22.0,0
2025,1,2,4,2025-01-02,OH,5334,DCA,VA,CVG,KY,1010,1019.0,9.0,0.0,39.0,1211,1221.0,10.0,0.0,10.0,121.0,122.0,73.0,411.0,0.0,,0.0,,,,,,-1.0,0
2025,1,2,4,2025-01-02,OH,5336,DCA,VA,DTW,MI,735,723.0,-12.0,0.0,23.0,921,906.0,-15.0,0.0,8.0,106.0,103.0,72.0,405.0,0.0,,0.0,,,,,,3.0,0
2025,1,2,4,2025-01-02,OH,5340,DCA,VA,ORF,VA,812,804.0,-8.0,0.0,38.0,922,916.0,-6.0,0.0,3.0,70.0,72.0,31.0,142.0,0.0,,0.0,,,,,,-2.0,0
2025,1,2,4,2025-01-02,OH,5354,DCA,VA,GSO,NC,1745,1741.0,-4.0,0.0,35.0,1901,1908.0,7.0,0.0,9.0,76.0,87.0,43.0,248.0,0.0,,0.0,,,,,,-11.0,0
2025,1,2,4,2025-01-02,OH,5357,DCA,VA,SAV,GA,1705,1659.0,-6.0,0.0,12.0,1907,1928.0,21.0,1.0,50.0,122.0,149.0,87.0,519.0,0.0,,0.0,0.0,0.0,21.0,0.0,0.0,-27.0,1
2025,1,2,4,2025-01-02,OH,5368,DCA,VA,HSV,AL,1653,1643.0,-10.0,0.0,13.0,1803,1739.0,-24.0,0.0,5.0,130.0,116.0,98.0,613.0,0.0,,0.0,,,,,,14.0,0
2025,1,2,4,2025-01-02,OH,5376,DCA,VA,ATL,GA,735,728.0,-7.0,0.0,17.0,937,931.0,-6.0,0.0,12.0,122.0,123.0,94.0,547.0,0.0,,0.0,,,,,,-1.0,0
2025,1,2,4,2025-01-02,OH,5384,DCA,VA,SAV,GA,1945,1942.0,-3.0,0.0,31.0,2148,2153.0,5.0,0.0,6.0,123.0,131.0,94.0,519.0,0.0,,0.0,,,,,,-8.0,0
2025,1,2,4,2025-01-02,OH,5388,DCA,VA,DSM,IA,1000,948.0,-12.0,0.0,27.0,1148,1153.0,5.0,0.0,6.0,168.0,185.0,152.0,897.0,0.0,,0.0,,,,,,-17.0,0
2025,1,2,4,2025-01-02,OH,5399,DCA,VA,BTV,VT,1213,1217.0,4.0,0.0,14.0,1351,1342.0,-9.0,0.0,2.0,98.0,85.0,69.0,437.0,0.0,,0.0,,,,,,13.0,0
2025,1,2,4,2025-01-02,OH,5404,DCA,VA,MSP,MN,2200,2156.0,-4.0,0.0,20.0,2358,2337.0,-21.0,0.0,5.0,178.0,161.0,136.0,931.0,0.0,,0.0,,,,,,17.0,0
2025,1,2,4,2025-01-02,OH,5407,DCA,VA,SYR,NY,1535,1524.0,-11.0,0.0,19.0,1655,1650.0,-5.0,0.0,13.0,80.0,86.0,54.0,298.0,0.0,,0.0,,,,,,-6.0,0
2025,1,2,4,2025-01-02,OH,5410,DCA,VA,CID,IA,1009,1004.0,-5.0,0.0,25.0,1155,1146.0,-9.0,0.0,8.0,166.0,162.0,129.0,801.0,0.0,,0.0,,,,,,4.0,0
2025,1,2,4,2025-01-02,OH,5413,DCA,VA,CLE,OH,729,729.0,0.0,0.0,20.0,857,852.0,-5.0,0.0,6.0,88.0,83.0,57.0,310.0,0.0,,0.0,,,,,,5.0,0
2025,1,2,4,2025-01-02,OH,5422,DCA,VA,PWM,ME,2212,2200.0,-12.0,0.0,32.0,2355,2343.0,-12.0,0.0,4.0,103.0,103.0,67.0,482.0,0.0,,0.0,,,,,,0.0,0
2025,1,2,4,2025-01-02,OH,5446,DCA,VA,DTW,MI,2208,2156.0,-12.0,0.0,23.0,2356,2336.0,-20.0,0.0,8.0,108.0,100.0,69.0,405.0,0.0,,0.0,,,,,,8.0,0
2025,1,2,4,2025-01-02,OH,5462,DCA,VA,VPS,FL,816,820.0,4.0,0.0,30.0,1005,1009.0,4.0,0.0,4.0,169.0,169.0,135.0,789.0,0.0,,0.0,,,,,,0.0,0
2025,1,2,4,2025-01-02,OH,5469,DCA,VA,PWM,ME,1207,1156.0,-11.0,0.0,20.0,1344,1328.0,-16.0,0.0,3.0,97.0,92.0,69.0,482.0,0.0,,0.0,,,,,,5.0,0
2025,1,2,4,2025-01-02,OH,5473,DCA,VA,DAY,OH,2200,2245.0,45.0,1.0,16.0,2344,14.0,30.0,1.0,6.0,104.0,89.0,67.0,391.0,0.0,,0.0,30.0,0.0,0.0,0.0,0.0,15.0,1
2025,1,2,4,2025-01-02,OH,5484,DCA,VA,TYS,TN,1954,1944.0,-10.0,0.0,19.0,2142,2131.0,-11.0,0.0,7.0,108.0,107.0,81.0,437.0,0.0,,0.0,,,,,,1.0,0
2025,1,2,4,2025-01-02,OH,5508,DCA,VA,BDL,CT,959,953.0,-6.0,0.0,15.0,1127,1101.0,-26.0,0.0,3.0,88.0,68.0,50.0,313.0,0.0,,0.0,,,,,,20.0,0
2025,1,2,4,2025-01-02,OH,5521,DCA,VA,JAX,FL,739,734.0,-5.0,0.0,21.0,951,946.0,-5.0,0.0,5.0,132.0,132.0,106.0,634.0,0.0,,0.0,,,,,,0.0,0
2025,1,2,4,2025-01-02,OH,5527,DCA,VA,ATL,GA,1432,1456.0,24.0,1.0,22.0,1632,1704.0,32.0,1.0,11.0,120.0,128.0,95.0,547.0,0.0,,0.0,7.0,0.0,8.0,0.0,17.0,-8.0,1
2025,1,2,4,2025-01-02,OH,5532,DCA,VA,MYR,SC,1730,1717.0,-13.0,0.0,13.0,1908,1855.0,-13.0,0.0,16.0,98.0,98.0,69.0,372.0,0.0,,0.0,,,,,,0.0,0
2025,1,2,4,2025-01-02,OH,5544,DCA,VA,PNS,FL,1954,1947.0,-7.0,0.0,21.0,2139,2125.0,-14.0,0.0,4.0,165.0,158.0,133.0,816.0,0.0,,0.0,,,,,,7.0,0
2025,1,2,4,2025-01-02,OH,5545,DCA,VA,DAY,OH,1248,1242.0,-6.0,0.0,13.0,1424,1409.0,-15.0,0.0,5.0,96.0,87.0,69.0,391.0,0.0,,0.0,,,,,,9.0,0
2025,1,2,4,2025-01-02,OH,5552,DCA,VA,PIT,PA,822,815.0,-7.0,0.0,18.0,940,918.0,-22.0,0.0,4.0,78.0,63.0,41.0,204.0,0.0,,0.0,,,,,,15.0,0
2025,1,2,4,2025-01-02,OH,5565,DCA,VA,ORF,VA,2201,2153.0,-8.0,0.0,13.0,2304,2247.0,-17.0,0.0,4.0,63.0,54.0,37.0,142.0,0.0,,0.0,,,,,,9.0,0
2025,1,2,4,2025-01-02,OH,5576,DCA,VA,GSP,SC,2006,1957.0,-9.0,0.0,28.0,2152,2136.0,-16.0,0.0,3.0,106.0,99.0,68.0,396.0,0.0,,0.0,,,,,,7.0,0
2025,1,2,4,2025-01-02,OH,5579,DCA,VA,MSN,WI,1135,1128.0,-7.0,0.0,17.0,1248,1234.0,-14.0,0.0,4.0,133.0,126.0,105.0,707.0,0.0,,0.0,,,,,,7.0,0
2025,1,2,4,2025-01-02,OH,5593,DCA,VA,MSP,MN,1334,1328.0,-6.0,0.0,23.0,1519,1515.0,-4.0,0.0,4.0,165.0,167.0,140.0,931.0,0.0,,0.0,,,,,,-2.0,0
2025,1,2,4,2025-01-02,OH,5595,DCA,VA,SYR,NY,1000,953.0,-7.0,0.0,21.0,1134,1114.0,-20.0,0.0,5.0,94.0,81.0,55.0,298.0,0.0,,0.0,,,,,,13.0,0
2025,1,2,4,2025-01-02,OH,5597,DCA,VA,TLH,FL,1946,1941.0,-5.0,0.0,36.0,2213,2218.0,5.0,0.0,10.0,147.0,157.0,111.0,716.0,0.0,,0.0,,,,,,-10.0,0
2025,1,2,4,2025-01-02,OH,5608,DCA,VA,TUL,OK,1432,1554.0,82.0,1.0,15.0,1646,1747.0,61.0,1.0,4.0,194.0,173.0,154.0,1049.0,0.0,,0.0,61.0,0.0,0.0,0.0,0.0,21.0,1
2025,1,2,4,2025-01-02,OH,5609,DCA,VA,ROC,NY,2211,2203.0,-8.0,0.0,23.0,2343,2328.0,-15.0,0.0,6.0,92.0,85.0,56.0,296.0,0.0,,0.0,,,,,,7.0,0
2025,1,2,4,2025-01-02,OH,5614,DCA,VA,PVD,RI,700,648.0,-12.0,0.0,30.0,840,819.0,-21.0,0.0,3.0,100.0,91.0,58.0,356.0,0.0,,0.0,,,,,,9.0,0
2025,1,2,4,2025-01-02,OH,5624,DCA,VA,PHL,PA,1148,1144.0,-4.0,0.0,16.0,1252,1241.0,-11.0,0.0,6.0,64.0,57.0,35.0,119.0,0.0,,0.0,,,,,,7.0,0
2025,1,2,4,2025-01-02,OH,5637,DCA,VA,MKE,WI,1140,1131.0,-9.0,0.0,37.0,1248,1251.0,3.0,0.0,4.0,128.0,140.0,99.0,634.0,0.0,,0.0,,,,,,-12.0,0
2025,1,2,4,2025-01-02,OH,5664,DCA,VA,CAE,SC,1959,1955.0,-4.0,0.0,32.0,2145,2140.0,-5.0,0.0,3.0,106.0,105.0,70.0,408.0,0.0,,0.0,,,,,,1.0,0
2025,1,2,4,2025-01-02,OH,5669,DCA,VA,BGR,ME,2201,2157.0,-4.0,0.0,17.0,2352,2339.0,-13.0,0.0,6.0,111.0,102.0,79.0,590.0,0.0,,0.0,,,,,,9.0,0
2025,1,2,4,2025-01-02,OH,5670,DCA,VA,BDL,CT,1532,1519.0,-13.0,0.0,22.0,1654,1637.0,-17.0,0.0,4.0,82.0,78.0,52.0,313.0,0.0,,0.0,,,,,,4.0,0
2025,1,2,4,2025-01-02,OH,5673,DCA,VA,CVG,KY,1954,1951.0,-3.0,0.0,18.0,2142,2134.0,-8.0,0.0,10.0,108.0,103.0,75.0,411.0,0.0,,0.0,,,,,,5.0,0
2025,1,2,4,2025-01-02,OH,5023,DCA,VA,BGR,ME,1030,1021.0,-9.0,0.0,29.0,1231,1215.0,-16.0,0.0,4.0,121.0,114.0,81.0,590.0,0.0,,0.0,,,,,,7.0,0
2025,1,2,4,2025-01-02,OH,5024,DCA,VA,BGR,ME,1445,1442.0,-3.0,0.0,11.0,1636,1616.0,-20.0,0.0,5.0,111.0,94.0,78.0,590.0,0.0,,0.0,,,,,,17.0,0
2025,1,2,4,2025-01-02,OH,5026,DCA,VA,CAE,SC,829,916.0,47.0,1.0,17.0,1022,1050.0,28.0,1.0,3.0,113.0,94.0,74.0,408.0,0.0,,0.0,10.0,0.0,0.0,0.0,18.0,19.0,1
2025,1,2,4,2025-01-02,OH,5029,DCA,VA,BNA,TN,1359,1354.0,-5.0,0.0,20.0,1500,1505.0,5.0,0.0,7.0,121.0,131.0,104.0,562.0,0.0,,0.0,,,,,,-10.0,0
2025,1,2,4,2025-01-02,OH,5033,DCA,VA,CLT,NC,1331,1336.0,5.0,0.0,19.0,1510,1504.0,-6.0,0.0,5.0,99.0,88.0,64.0,331.0,0.0,,0.0,,,,,,11.0,0
2025,1,2,4,2025-01-02,UA,2148,DCA,VA,ORD,IL,1800,1755.0,-5.0,0.0,11.0,1918,1903.0,-15.0,0.0,14.0,138.0,128.0,103.0,612.0,0.0,,0.0,,,,,,10.0,0
2025,1,2,4,2025-01-02,UA,2144,DCA,VA,ORD,IL,1300,1256.0,-4.0,0.0,10.0,1418,1403.0,-15.0,0.0,17.0,138.0,127.0,100.0,612.0,0.0,,0.0,,,,,,11.0,0
2025,1,2,4,2025-01-02,UA,2104,DCA,VA,DEN,CO,1613,1724.0,71.0,1.0,20.0,1825,1918.0,53.0,1.0,9.0,252.0,234.0,205.0,1476.0,0.0,,0.0,53.0,0.0,0.0,0.0,0.0,18.0,1
2025,1,2,4,2025-01-02,UA,1793,DCA,VA,ORD,IL,630,620.0,-10.0,0.0,12.0,748,741.0,-7.0,0.0,24.0,138.0,141.0,105.0,612.0,0.0,,0.0,,,,,,-3.0,0
2025,1,2,4,2025-01-02,UA,1540,DCA,VA,ORD,IL,730,722.0,-8.0,0.0,12.0,848,829.0,-19.0,0.0,11.0,138.0,127.0,104.0,612.0,0.0,,0.0,,,,,,11.0,0
2025,1,2,4,2025-01-02,UA,1457,DCA,VA,IAH,TX,1100,1055.0,-5.0,0.0,10.0,1340,1333.0,-7.0,0.0,11.0,220.0,218.0,197.0,1208.0,0.0,,0.0,,,,,,2.0,0
2025,1,2,4,2025-01-02,UA,1316,DCA,VA,ORD,IL,830,820.0,-10.0,0.0,21.0,948,932.0,-16.0,0.0,7.0,138.0,132.0,104.0,612.0,0.0,,0.0,,,,,,6.0,0
2025,1,2,4,2025-01-02,UA,1179,DCA,VA,IAH,TX,1633,1639.0,6.0,0.0,13.0,1910,1915.0,5.0,0.0,14.0,217.0,216.0,189.0,1208.0,0.0,,0.0,,,,,,1.0,0
2025,1,2,4,2025-01-02,UA,698,DCA,VA,SFO,CA,1759,1757.0,-2.0,0.0,16.0,2114,2057.0,-17.0,0.0,4.0,375.0,360.0,340.0,2442.0,0.0,,0.0,,,,,,15.0,0
2025,1,2,4,2025-01-02,UA,382,DCA,VA,IAH,TX,1235,1351.0,76.0,1.0,11.0,1520,1617.0,57.0,1.0,6.0,225.0,206.0,189.0,1208.0,0.0,,0.0,3.0,0.0,0.0,0.0,54.0,19.0,1
2025,1,2,4,2025-01-02,UA,231,DCA,VA,IAH,TX,600,556.0,-4.0,0.0,11.0,843,835.0,-8.0,0.0,8.0,223.0,219.0,200.0,1208.0,0.0,,0.0,,,,,,4.0,0
2025,1,2,4,2025-01-02,UA,230,DCA,VA,ORD,IL,1700,1822.0,82.0,1.0,14.0,1818,1931.0,73.0,1.0,17.0,138.0,129.0,98.0,612.0,0.0,,0.0,73.0,0.0,0.0,0.0,0.0,9.0,1
2025,1,2,4,2025-01-02,WN,565,DCA,VA,ATL,GA,605,557.0,-8.0,0.0,11.0,805,746.0,-19.0,0.0,5.0,120.0,109.0,93.0,547.0,0.0,,0.0,,,,,,11.0,0
2025,1,2,4,2025-01-02,WN,1701,DCA,VA,ATL,GA,1505,1522.0,17.0,1.0,16.0,1705,1712.0,7.0,0.0,5.0,120.0,110.0,89.0,547.0,0.0,,0.0,,,,,,10.0,0
2025,1,2,4,2025-01-02,WN,1892,DCA,VA,ATL,GA,1945,1948.0,3.0,0.0,12.0,2145,2140.0,-5.0,0.0,9.0,120.0,112.0,91.0,547.0,0.0,,0.0,,,,,,8.0,0
2025,1,2,4,2025-01-02,WN,3091,DCA,VA,ATL,GA,1005,1000.0,-5.0,0.0,17.0,1200,1156.0,-4.0,0.0,8.0,115.0,116.0,91.0,547.0,0.0,,0.0,,,,,,-1.0,0
2025,1,2,4,2025-01-02,WN,3631,DCA,VA,AUS,TX,1740,1742.0,2.0,0.0,15.0,2030,2033.0,3.0,0.0,18.0,230.0,231.0,198.0,1315.0,0.0,,0.0,,,,,,-1.0,0
2025,1,2,4,2025-01-02,WN,742,DCA,VA,BNA,TN,600,554.0,-6.0,0.0,11.0,705,644.0,-21.0,0.0,6.0,125.0,110.0,93.0,562.0,0.0,,0.0,,,,,,15.0,0
2025,1,2,4,2025-01-02,WN,1938,DCA,VA,BNA,TN,1930,1924.0,-6.0,0.0,12.0,2030,2015.0,-15.0,0.0,5.0,120.0,111.0,94.0,562.0,0.0,,0.0,,,,,,9.0,0
2025,1,2,4,2025-01-02,WN,2089,DCA,VA,BNA,TN,1535,1531.0,-4.0,0.0,16.0,1640,1629.0,-11.0,0.0,9.0,125.0,118.0,93.0,562.0,0.0,,0.0,,,,,,7.0,0
2025,1,2,4,2025-01-02,WN,3112,DCA,VA,BNA,TN,1045,1042.0,-3.0,0.0,22.0,1140,1139.0,-1.0,0.0,4.0,115.0,117.0,91.0,562.0,0.0,,0.0,,,,,,-2.0,0
2025,1,2,4,2025-01-02,WN,2644,DCA,VA,CMH,OH,1330,1331.0,1.0,0.0,8.0,1450,1442.0,-8.0,0.0,4.0,80.0,71.0,59.0,323.0,0.0,,0.0,,,,,,9.0,0
2025,1,2,4,2025-01-02,WN,594,DCA,VA,DAL,TX,1140,1136.0,-4.0,0.0,16.0,1405,1358.0,-7.0,0.0,3.0,205.0,202.0,183.0,1184.0,0.0,,0.0,,,,,,3.0,0
2025,1,2,4,2025-01-02,WN,2351,DCA,VA,DAL,TX,1400,1358.0,-2.0,0.0,11.0,1635,1618.0,-17.0,0.0,4.0,215.0,200.0,185.0,1184.0,0.0,,0.0,,,,,,15.0,0
2025,1,2,4,2025-01-02,WN,2838,DCA,VA,DAL,TX,1755,1809.0,14.0,0.0,11.0,2025,2022.0,-3.0,0.0,5.0,210.0,193.0,177.0,1184.0,0.0,,0.0,,,,,,17.0,0
2025,1,2,4,2025-01-02,WN,3754,DCA,VA,DAL,TX,2055,2123.0,28.0,1.0,13.0,2320,2338.0,18.0,1.0,4.0,205.0,195.0,178.0,1184.0,0.0,,0.0,0.0,0.0,0.0,0.0,18.0,10.0,1
2025,1,2,4,2025-01-02,WN,4388,DCA,VA,DAL,TX,610,612.0,2.0,0.0,10.0,835,833.0,-2.0,0.0,4.0,205.0,201.0,187.0,1184.0,0.0,,0.0,,,,,,4.0,0
2025,1,2,4,2025-01-02,WN,1062,DCA,VA,FLL,FL,915,919.0,4.0,0.0,12.0,1155,1200.0,5.0,0.0,4.0,160.0,161.0,145.0,899.0,0.0,,0.0,,,,,,-1.0,0
2025,1,2,4,2025-01-02,WN,504,DCA,VA,HOU,TX,610,608.0,-2.0,0.0,16.0,850,841.0,-9.0,0.0,4.0,220.0,213.0,193.0,1218.0,0.0,,0.0,,,,,,7.0,0
2025,1,2,4,2025-01-02,WN,2453,DCA,VA,HOU,TX,1855,1855.0,0.0,0.0,12.0,2130,2121.0,-9.0,0.0,2.0,215.0,206.0,192.0,1218.0,0.0,,0.0,,,,,,9.0,0
2025,1,2,4,2025-01-02,WN,2620,DCA,VA,HOU,TX,1300,1300.0,0.0,0.0,10.0,1535,1532.0,-3.0,0.0,3.0,215.0,212.0,199.0,1218.0,0.0,,0.0,,,,,,3.0,0
2025,1,2,4,2025-01-02,WN,416,DCA,VA,MCI,MO,600,557.0,-3.0,0.0,19.0,750,747.0,-3.0,0.0,6.0,170.0,170.0,145.0,949.0,0.0,,0.0,,,,,,0.0,0
2025,1,2,4,2025-01-02,WN,2657,DCA,VA,MCI,MO,1235,1230.0,-5.0,0.0,10.0,1420,1415.0,-5.0,0.0,12.0,165.0,165.0,143.0,949.0,0.0,,0.0,,,,,,0.0,0
2025,1,2,4,2025-01-02,WN,4348,DCA,VA,MCI,MO,1655,1711.0,16.0,1.0,14.0,1845,1852.0,7.0,0.0,4.0,170.0,161.0,143.0,949.0,0.0,,0.0,,,,,,9.0,0
2025,1,2,4,2025-01-02,WN,939,DCA,VA,MCO,FL,655,655.0,0.0,0.0,19.0,930,925.0,-5.0,0.0,11.0,155.0,150.0,120.0,759.0,0.0,,0.0,,,,,,5.0,0
2025,1,2,4,2025-01-02,WN,1255,DCA,VA,MCO,FL,1300,1250.0,-10.0,0.0,22.0,1530,1529.0,-1.0,0.0,10.0,150.0,159.0,127.0,759.0,0.0,,0.0,,,,,,-9.0,0
2025,1,2,4,2025-01-02,WN,1683,DCA,VA,MCO,FL,1935,1936.0,1.0,0.0,12.0,2205,2155.0,-10.0,0.0,9.0,150.0,139.0,118.0,759.0,0.0,,0.0,,,,,,11.0,0
2025,1,2,4,2025-01-02,WN,940,DCA,VA,MDW,IL,655,647.0,-8.0,0.0,14.0,805,743.0,-22.0,0.0,3.0,130.0,116.0,99.0,601.0,0.0,,0.0,,,,,,14.0,0
2025,1,2,4,2025-01-02,WN,2578,DCA,VA,MDW,IL,1445,1444.0,-1.0,0.0,10.0,1550,1541.0,-9.0,0.0,7.0,125.0,117.0,100.0,601.0,0.0,,0.0,,,,,,8.0,0
2025,1,2,4,2025-01-02,WN,3047,DCA,VA,MDW,IL,1000,1000.0,0.0,0.0,19.0,1100,1103.0,3.0,0.0,4.0,120.0,123.0,100.0,601.0,0.0,,0.0,,,,,,-3.0,0
2025,1,2,4,2025-01-02,WN,3908,DCA,VA,MDW,IL,2100,2056.0,-4.0,0.0,15.0,2200,2152.0,-8.0,0.0,3.0,120.0,116.0,98.0,601.0,0.0,,0.0,,,,,,4.0,0
2025,1,2,4,2025-01-02,WN,3918,DCA,VA,MDW,IL,1800,1804.0,4.0,0.0,13.0,1910,1902.0,-8.0,0.0,6.0,130.0,118.0,99.0,601.0,0.0,,0.0,,,,,,12.0,0
2025,1,2,4,2025-01-02,WN,1118,DCA,VA,MKE,WI,725,716.0,-9.0,0.0,10.0,830,815.0,-15.0,0.0,6.0,125.0,119.0,103.0,634.0,0.0,,0.0,,,,,,6.0,0
2025,1,2,4,2025-01-02,WN,2818,DCA,VA,MKE,WI,1555,1549.0,-6.0,0.0,8.0,1700,1636.0,-24.0,0.0,3.0,125.0,107.0,96.0,634.0,0.0,,0.0,,,,,,18.0,0
2025,1,2,4,2025-01-02,WN,2308,DCA,VA,MSY,LA,1905,1901.0,-4.0,0.0,12.0,2100,2053.0,-7.0,0.0,4.0,175.0,172.0,156.0,969.0,0.0,,0.0,,,,,,3.0,0
2025,1,2,4,2025-01-02,WN,3153,DCA,VA,MSY,LA,1140,1141.0,1.0,0.0,12.0,1335,1326.0,-9.0,0.0,3.0,175.0,165.0,150.0,969.0,0.0,,0.0,,,,,,10.0,0
2025,1,2,4,2025-01-02,WN,621,DCA,VA,OKC,OK,1635,1653.0,18.0,1.0,12.0,1855,1903.0,8.0,0.0,3.0,200.0,190.0,175.0,1158.0,0.0,,0.0,,,,,,10.0,0
2025,1,2,4,2025-01-02,WN,2300,DCA,VA,OMA,NE,1600,1557.0,-3.0,0.0,8.0,1755,1740.0,-15.0,0.0,3.0,175.0,163.0,152.0,1012.0,0.0,,0.0,,,,,,12.0,0
2025,1,2,4,2025-01-02,WN,1410,DCA,VA,PVD,RI,1135,1128.0,-7.0,0.0,12.0,1255,1240.0,-15.0,0.0,4.0,80.0,72.0,56.0,356.0,0.0,,0.0,,,,,,8.0,0
2025,1,2,4,2025-01-02,WN,4251,DCA,VA,PVD,RI,1655,1708.0,13.0,0.0,8.0,1815,1817.0,2.0,0.0,6.0,80.0,69.0,55.0,356.0,0.0,,0.0,,,,,,11.0,0
2025,1,2,4,2025-01-02,WN,1401,DCA,VA,STL,MO,800,754.0,-6.0,0.0,10.0,920,909.0,-11.0,0.0,4.0,140.0,135.0,121.0,719.0,0.0,,0.0,,,,,,5.0,0
2025,1,2,4,2025-01-02,WN,2374,DCA,VA,STL,MO,1200,1200.0,0.0,0.0,17.0,1320,1321.0,1.0,0.0,4.0,140.0,141.0,120.0,719.0,0.0,,0.0,,,,,,-1.0,0
2025,1,2,4,2025-01-02,WN,3085,DCA,VA,STL,MO,1500,1533.0,33.0,1.0,18.0,1620,1657.0,37.0,1.0,4.0,140.0,144.0,122.0,719.0,0.0,,0.0,16.0,0.0,4.0,0.0,17.0,-4.0,1
2025,1,2,4,2025-01-02,WN,3950,DCA,VA,STL,MO,1835,1829.0,-6.0,0.0,10.0,2000,1945.0,-15.0,0.0,6.0,145.0,136.0,120.0,719.0,0.0,,0.0,,,,,,9.0,0
2025,1,2,4,2025-01-02,WN,1143,DCA,VA,TPA,FL,730,721.0,-9.0,0.0,11.0,1000,954.0,-6.0,0.0,4.0,150.0,153.0,138.0,814.0,0.0,,0.0,,,,,,-3.0,0
2025,1,2,4,2025-01-02,WN,2293,DCA,VA,TPA,FL,1545,1732.0,107.0,1.0,15.0,1815,2000.0,105.0,1.0,4.0,150.0,148.0,129.0,814.0,0.0,,0.0,4.0,0.0,0.0,0.0,101.0,2.0,1
2025,1,2,4,2025-01-02,WN,2939,DCA,VA,TPA,FL,1155,1153.0,-2.0,0.0,13.0,1425,1428.0,3.0,0.0,4.0,150.0,155.0,138.0,814.0,0.0,,0.0,,,,,,-5.0,0
2025,1,2,4,2025-01-02,YX,3544,DCA,VA,ORD,IL,1030,1025.0,-5.0,0.0,27.0,1158,1143.0,-15.0,0.0,8.0,148.0,138.0,103.0,612.0,0.0,,0.0,,,,,,10.0,0
2025,1,2,4,2025-01-02,YX,3488,DCA,VA,ORD,IL,1900,1849.0,-11.0,0.0,14.0,2025,2009.0,-16.0,0.0,26.0,145.0,140.0,100.0,612.0,0.0,,0.0,,,,,,5.0,0
2025,1,2,4,2025-01-02,YX,3475,DCA,VA,EWR,NJ,700,700.0,0.0,0.0,11.0,823,757.0,-26.0,0.0,4.0,83.0,57.0,42.0,199.0,0.0,,0.0,,,,,,26.0,0
2025,1,2,4,2025-01-02,YX,4340,DCA,VA,IND,IN,652,649.0,-3.0,0.0,23.0,858,848.0,-10.0,0.0,9.0,126.0,119.0,87.0,500.0,0.0,,0.0,,,,,,7.0,0
2025,1,2,4,2025-01-02,YX,4358,DCA,VA,STL,MO,2010,1958.0,-12.0,0.0,14.0,2145,2111.0,-34.0,0.0,4.0,155.0,133.0,115.0,719.0,0.0,,0.0,,,,,,22.0,0
2025,1,2,4,2025-01-02,YX,4364,DCA,VA,PHL,PA,1648,1643.0,-5.0,0.0,56.0,1753,1828.0,35.0,1.0,6.0,65.0,105.0,43.0,119.0,0.0,,0.0,0.0,0.0,35.0,0.0,0.0,-40.0,1
2025,1,2,4,2025-01-02,YX,4377,DCA,VA,LGA,NY,1000,956.0,-4.0,0.0,17.0,1112,1107.0,-5.0,0.0,12.0,72.0,71.0,42.0,214.0,0.0,,0.0,,,,,,1.0,0
2025,1,2,4,2025-01-02,YX,4379,DCA,VA,JFK,NY,638,634.0,-4.0,0.0,13.0,800,734.0,-26.0,0.0,5.0,82.0,60.0,42.0,213.0,0.0,,0.0,,,,,,22.0,0
2025,1,2,4,2025-01-02,YX,4394,DCA,VA,RDU,NC,1356,1350.0,-6.0,0.0,16.0,1516,1501.0,-15.0,0.0,9.0,80.0,71.0,46.0,227.0,0.0,,0.0,,,,,,9.0,0
2025,1,2,4,2025-01-02,YX,4396,DCA,VA,CMH,OH,1525,1518.0,-7.0,0.0,17.0,1657,1644.0,-13.0,0.0,5.0,92.0,86.0,64.0,323.0,0.0,,0.0,,,,,,6.0,0
2025,1,2,4,2025-01-02,YX,4426,DCA,VA,ATL,GA,819,833.0,14.0,0.0,27.0,1037,1044.0,7.0,0.0,8.0,138.0,131.0,96.0,547.0,0.0,,0.0,,,,,,7.0,0
2025,1,2,4,2025-01-02,YX,4429,DCA,VA,ATL,GA,1735,1732.0,-3.0,0.0,17.0,1944,1934.0,-10.0,0.0,8.0,129.0,122.0,97.0,547.0,0.0,,0.0,,,,,,7.0,0
2025,1,2,4,2025-01-02,YX,4442,DCA,VA,JFK,NY,1213,1207.0,-6.0,0.0,12.0,1332,1310.0,-22.0,0.0,7.0,79.0,63.0,44.0,213.0,0.0,,0.0,,,,,,16.0,0
2025,1,2,4,2025-01-02,YX,4454,DCA,VA,LGA,NY,2215,2209.0,-6.0,0.0,20.0,2333,2314.0,-19.0,0.0,6.0,78.0,65.0,39.0,214.0,0.0,,0.0,,,,,,13.0,0
2025,1,2,4,2025-01-02,YX,4456,DCA,VA,BOS,MA,1945,1937.0,-8.0,0.0,20.0,2126,2105.0,-21.0,0.0,6.0,101.0,88.0,62.0,399.0,0.0,,0.0,,,,,,13.0,0
2025,1,2,4,2025-01-02,YX,4458,DCA,VA,STL,MO,815,806.0,-9.0,0.0,31.0,956,953.0,-3.0,0.0,10.0,161.0,167.0,126.0,719.0,0.0,,0.0,,,,,,-6.0,0
2025,1,2,4,2025-01-02,YX,4465,DCA,VA,PVD,RI,1515,1504.0,-11.0,0.0,13.0,1642,1617.0,-25.0,0.0,5.0,87.0,73.0,55.0,356.0,0.0,,0.0,,,,,,14.0,0
2025,1,2,4,2025-01-02,YX,4468,DCA,VA,PHL,PA,2220,2213.0,-7.0,0.0,21.0,2333,2315.0,-18.0,0.0,9.0,73.0,62.0,32.0,119.0,0.0,,0.0,,,,,,11.0,0
2025,1,2,4,2025-01-02,YX,4471,DCA,VA,MEM,TN,839,831.0,-8.0,0.0,37.0,1034,1027.0,-7.0,0.0,6.0,175.0,176.0,133.0,762.0,0.0,,0.0,,,,,,-1.0,0
2025,1,2,4,2025-01-02,YX,4473,DCA,VA,VPS,FL,959,951.0,-8.0,0.0,15.0,1142,1124.0,-18.0,0.0,8.0,163.0,153.0,130.0,789.0,0.0,,0.0,,,,,,10.0,0
2025,1,2,4,2025-01-02,YX,4481,DCA,VA,PIT,PA,1953,1943.0,-10.0,0.0,18.0,2111,2046.0,-25.0,0.0,7.0,78.0,63.0,38.0,204.0,0.0,,0.0,,,,,,15.0,0
2025,1,2,4,2025-01-02,YX,4486,DCA,VA,CHS,SC,1342,1339.0,-3.0,0.0,15.0,1533,1536.0,3.0,0.0,10.0,111.0,117.0,92.0,444.0,0.0,,0.0,,,,,,-6.0,0
2025,1,2,4,2025-01-02,YX,4492,DCA,VA,RSW,FL,1001,1000.0,-1.0,0.0,22.0,1259,1301.0,2.0,0.0,6.0,178.0,181.0,153.0,892.0,0.0,,0.0,,,,,,-3.0,0
2025,1,2,4,2025-01-02,YX,4497,DCA,VA,RDU,NC,1515,1511.0,-4.0,0.0,12.0,1639,1616.0,-23.0,0.0,6.0,84.0,65.0,47.0,227.0,0.0,,0.0,,,,,,19.0,0
2025,1,2,4,2025-01-02,YX,4509,DCA,VA,ROC,NY,1020,1018.0,-2.0,0.0,27.0,1200,1146.0,-14.0,0.0,5.0,100.0,88.0,56.0,296.0,0.0,,0.0,,,,,,12.0,0
2025,1,2,4,2025-01-02,YX,4516,DCA,VA,ALB,NY,1005,957.0,-8.0,0.0,13.0,1146,1113.0,-33.0,0.0,4.0,101.0,76.0,59.0,318.0,0.0,,0.0,,,,,,25.0,0
2025,1,2,4,2025-01-02,YX,4519,DCA,VA,IND,IN,2200,2211.0,11.0,0.0,22.0,2357,4.0,7.0,0.0,7.0,117.0,113.0,84.0,500.0,0.0,,0.0,,,,,,4.0,0
2025,1,2,4,2025-01-02,YX,4520,DCA,VA,IND,IN,1745,1742.0,-3.0,0.0,20.0,1943,1945.0,2.0,0.0,14.0,118.0,123.0,89.0,500.0,0.0,,0.0,,,,,,-5.0,0
2025,1,2,4,2025-01-02,YX,4522,DCA,VA,JFK,NY,1259,1353.0,54.0,1.0,14.0,1430,1455.0,25.0,1.0,5.0,91.0,62.0,43.0,213.0,0.0,,0.0,25.0,0.0,0.0,0.0,0.0,29.0,1
2025,1,2,4,2025-01-02,YX,4524,DCA,VA,RSW,FL,820,812.0,-8.0,0.0,19.0,1131,1129.0,-2.0,0.0,25.0,191.0,197.0,153.0,892.0,0.0,,0.0,,,,,,-6.0,0
2025,1,2,4,2025-01-02,YX,4530,DCA,VA,BTV,VT,1455,1446.0,-9.0,0.0,16.0,1640,1618.0,-22.0,0.0,5.0,105.0,92.0,71.0,437.0,0.0,,0.0,,,,,,13.0,0
2025,1,2,4,2025-01-02,YX,4543,DCA,VA,MCI,MO,1434,1430.0,-4.0,0.0,26.0,1635,1643.0,8.0,0.0,7.0,181.0,193.0,160.0,949.0,0.0,,0.0,,,,,,-12.0,0
2025,1,2,4,2025-01-02,YX,4547,DCA,VA,XNA,AR,1945,1936.0,-9.0,0.0,29.0,2156,2146.0,-10.0,0.0,7.0,191.0,190.0,154.0,963.0,0.0,,0.0,,,,,,1.0,0
2025,1,2,4,2025-01-02,YX,4548,DCA,VA,PVD,RI,1003,959.0,-4.0,0.0,28.0,1133,1134.0,1.0,0.0,7.0,90.0,95.0,60.0,356.0,0.0,,0.0,,,,,,-5.0,0
2025,1,2,4,2025-01-02,YX,4565,DCA,VA,BOS,MA,729,724.0,-5.0,0.0,19.0,906,848.0,-18.0,0.0,6.0,97.0,84.0,59.0,399.0,0.0,,0.0,,,,,,13.0,0
2025,1,2,4,2025-01-02,YX,4571,DCA,VA,RDU,NC,1829,1821.0,-8.0,0.0,12.0,1946,1935.0,-11.0,0.0,14.0,77.0,74.0,48.0,227.0,0.0,,0.0,,,,,,3.0,0
2025,1,2,4,2025-01-02,YX,4597,DCA,VA,EYW,FL,739,731.0,-8.0,0.0,22.0,1052,1043.0,-9.0,0.0,4.0,193.0,192.0,166.0,1023.0,0.0,,0.0,,,,,,1.0,0
2025,1,2,4,2025-01-02,YX,4614,DCA,VA,MSY,LA,820,814.0,-6.0,0.0,38.0,1045,1033.0,-12.0,0.0,4.0,205.0,199.0,157.0,969.0,0.0,,0.0,,,,,,6.0,0
2025,1,2,4,2025-01-02,YX,4618,DCA,VA,ORF,VA,1500,1455.0,-5.0,0.0,18.0,1608,1548.0,-20.0,0.0,5.0,68.0,53.0,30.0,142.0,0.0,,0.0,,,,,,15.0,0
2025,1,2,4,2025-01-02,YX,4634,DCA,VA,CHS,SC,2005,1958.0,-7.0,0.0,24.0,2205,2149.0,-16.0,0.0,5.0,120.0,111.0,82.0,444.0,0.0,,0.0,,,,,,9.0,0
2025,1,2,4,2025-01-02,YX,4635,DCA,VA,BOS,MA,1040,1033.0,-7.0,0.0,29.0,1221,1212.0,-9.0,0.0,6.0,101.0,99.0,64.0,399.0,0.0,,0.0,,,,,,2.0,0
2025,1,2,4,2025-01-02,YX,4639,DCA,VA,CLE,OH,2213,2208.0,-5.0,0.0,22.0,2349,2337.0,-12.0,0.0,8.0,96.0,89.0,59.0,310.0,0.0,,0.0,,,,,,7.0,0
2025,1,2,4,2025-01-02,YX,4649,DCA,VA,BOS,MA,1555,1545.0,-10.0,0.0,22.0,1735,1712.0,-23.0,0.0,6.0,100.0,87.0,59.0,399.0,0.0,,0.0,,,,,,13.0,0
2025,1,2,4,2025-01-02,YX,4650,DCA,VA,PWM,ME,1454,1450.0,-4.0,0.0,17.0,1631,1622.0,-9.0,0.0,4.0,97.0,92.0,71.0,482.0,0.0,,0.0,,,,,,5.0,0
2025,1,2,4,2025-01-02,YX,4659,DCA,VA,MSY,LA,1459,1453.0,-6.0,0.0,11.0,1709,1650.0,-19.0,0.0,6.0,190.0,177.0,160.0,969.0,0.0,,0.0,,,,,,13.0,0
2025,1,2,4,2025-01-02,YX,4664,DCA,VA,LGA,NY,830,824.0,-6.0,0.0,21.0,956,938.0,-18.0,0.0,7.0,86.0,74.0,46.0,214.0,0.0,,0.0,,,,,,12.0,0
2025,1,2,4,2025-01-02,YX,4672,DCA,VA,SDF,KY,1945,1944.0,-1.0,0.0,23.0,2141,2145.0,4.0,0.0,9.0,116.0,121.0,89.0,474.0,0.0,,0.0,,,,,,-5.0,0
2025,1,2,4,2025-01-02,YX,4681,DCA,VA,MEM,TN,2040,2034.0,-6.0,0.0,24.0,2211,2212.0,1.0,0.0,3.0,151.0,158.0,131.0,762.0,0.0,,0.0,,,,,,-7.0,0
2025,1,2,4,2025-01-02,YX,4686,DCA,VA,BNA,TN,1022,1014.0,-8.0,0.0,41.0,1143,1138.0,-5.0,0.0,6.0,141.0,144.0,97.0,562.0,0.0,,0.0,,,,,,-3.0,0
2025,1,2,4,2025-01-02,YX,4689,DCA,VA,JAX,FL,1945,1938.0,-7.0,0.0,17.0,2159,2146.0,-13.0,0.0,6.0,134.0,128.0,105.0,634.0,0.0,,0.0,,,,,,6.0,0
2025,1,2,4,2025-01-02,YX,4692,DCA,VA,CHS,SC,1707,1701.0,-6.0,0.0,69.0,1903,1932.0,29.0,1.0,5.0,116.0,151.0,77.0,444.0,0.0,,0.0,0.0,0.0,29.0,0.0,0.0,-35.0,1
2025,1,2,4,2025-01-02,YX,4694,DCA,VA,BDL,CT,1254,1248.0,-6.0,0.0,20.0,1417,1401.0,-16.0,0.0,4.0,83.0,73.0,49.0,313.0,0.0,,0.0,,,,,,10.0,0
2025,1,2,4,2025-01-02,YX,4699,DCA,VA,BOS,MA,2102,2048.0,-14.0,0.0,20.0,2237,2217.0,-20.0,0.0,4.0,95.0,89.0,65.0,399.0,0.0,,0.0,,,,,,6.0,0
2025,1,2,4,2025-01-02,YX,4700,DCA,VA,CMH,OH,830,816.0,-14.0,0.0,31.0,1022,951.0,-31.0,0.0,6.0,112.0,95.0,58.0,323.0,0.0,,0.0,,,,,,17.0,0
2025,1,2,4,2025-01-02,YX,4701,DCA,VA,IND,IN,1030,1023.0,-7.0,0.0,17.0,1235,1210.0,-25.0,0.0,6.0,125.0,107.0,84.0,500.0,0.0,,0.0,,,,,,18.0,0
2025,1,2,4,2025-01-02,YX,4720,DCA,VA,TPA,FL,828,816.0,-12.0,0.0,38.0,1124,1116.0,-8.0,0.0,6.0,176.0,180.0,136.0,814.0,0.0,,0.0,,,,,,-4.0,0
2025,1,2,4,2025-01-02,YX,4728,DCA,VA,BTV,VT,2209,2205.0,-4.0,0.0,19.0,2351,2344.0,-7.0,0.0,6.0,102.0,99.0,74.0,437.0,0.0,,0.0,,,,,,3.0,0
2025,1,2,4,2025-01-02,YX,4744,DCA,VA,OKC,OK,1423,1421.0,-2.0,0.0,12.0,1648,1644.0,-4.0,0.0,6.0,205.0,203.0,185.0,1158.0,0.0,,0.0,,,,,,2.0,0
2025,1,2,4,2025-01-02,YX,4758,DCA,VA,RDU,NC,2040,2035.0,-5.0,0.0,10.0,2157,2135.0,-22.0,0.0,7.0,77.0,60.0,43.0,227.0,0.0,,0.0,,,,,,17.0,0
2025,1,2,4,2025-01-02,YX,4763,DCA,VA,PIT,PA,2200,2148.0,-12.0,0.0,21.0,2310,2257.0,-13.0,0.0,6.0,70.0,69.0,42.0,204.0,0.0,,0.0,,,,,,1.0,0
2025,1,2,4,2025-01-02,YX,4806,DCA,VA,PVD,RI,2216,2205.0,-11.0,0.0,12.0,2348,2317.0,-31.0,0.0,3.0,92.0,72.0,57.0,356.0,0.0,,0.0,,,,,,20.0,0
2025,1,2,4,2025-01-02,YX,5687,DCA,VA,BOS,MA,740,733.0,-7.0,0.0,14.0,920,854.0,-26.0,0.0,9.0,100.0,81.0,58.0,399.0,0.0,,0.0,,,,,,19.0,0
2025,1,2,4,2025-01-02,YX,5699,DCA,VA,JFK,NY,715,708.0,-7.0,0.0,16.0,840,823.0,-17.0,0.0,13.0,85.0,75.0,46.0,213.0,0.0,,0.0,,,,,,10.0,0
2025,1,2,4,2025-01-02,YX,5713,DCA,VA,JFK,NY,1705,1701.0,-4.0,0.0,14.0,1838,1805.0,-33.0,0.0,9.0,93.0,64.0,41.0,213.0,0.0,,0.0,,,,,,29.0,0
2025,1,2,4,2025-01-02,YX,5736,DCA,VA,BOS,MA,1200,1150.0,-10.0,0.0,14.0,1339,1317.0,-22.0,0.0,6.0,99.0,87.0,67.0,399.0,0.0,,0.0,,,,,,12.0,0
2025,1,2,4,2025-01-02,YX,5747,DCA,VA,LGA,NY,1530,1525.0,-5.0,0.0,24.0,1652,1639.0,-13.0,0.0,6.0,82.0,74.0,44.0,214.0,0.0,,0.0,,,,,,8.0,0
2025,1,2,4,2025-01-02,YX,5772,DCA,VA,LGA,NY,800,758.0,-2.0,0.0,16.0,914,910.0,-4.0,0.0,9.0,74.0,72.0,47.0,214.0,0.0,,0.0,,,,,,2.0,0
2025,1,2,4,2025-01-02,YX,5776,DCA,VA,BOS,MA,1705,1655.0,-10.0,0.0,23.0,1850,1845.0,-5.0,0.0,16.0,105.0,110.0,71.0,399.0,0.0,,0.0,,,,,,-5.0,0
2025,1,2,4,2025-01-02,YX,5777,DCA,VA,BNA,TN,1135,1126.0,-9.0,0.0,16.0,1235,1224.0,-11.0,0.0,8.0,120.0,118.0,94.0,562.0,0.0,,0.0,,,,,,2.0,0
2025,1,2,4,2025-01-02,AA,1863,IAD,VA,DFW,TX,1715,1711.0,-4.0,0.0,13.0,2000,1939.0,-21.0,0.0,17.0,225.0,208.0,178.0,1172.0,0.0,,0.0,,,,,,17.0,0
2025,1,2,4,2025-01-02,AA,2617,IAD,VA,DFW,TX,621,616.0,-5.0,0.0,18.0,909,853.0,-16.0,0.0,16.0,228.0,217.0,183.0,1172.0,0.0,,0.0,,,,,,11.0,0
2025,1,2,4,2025-01-02,AS,309,IAD,VA,LAX,CA,1724,1751.0,27.0,1.0,24.0,2015,2036.0,21.0,1.0,5.0,351.0,345.0,316.0,2288.0,0.0,,0.0,0.0,0.0,0.0,0.0,21.0,6.0,1
2025,1,2,4,2025-01-02,AS,406,IAD,VA,SEA,WA,1858,1848.0,-10.0,0.0,16.0,2200,2204.0,4.0,0.0,8.0,362.0,376.0,352.0,2306.0,0.0,,0.0,,,,,,-14.0,0
2025,1,2,4,2025-01-02,AS,435,IAD,VA,SFO,CA,900,849.0,-11.0,0.0,15.0,1203,1158.0,-5.0,0.0,12.0,363.0,369.0,342.0,2419.0,0.0,,0.0,,,,,,-6.0,0
2025,1,2,4,2025-01-02,AS,499,IAD,VA,SEA,WA,700,658.0,-2.0,0.0,11.0,950,942.0,-8.0,0.0,7.0,350.0,344.0,326.0,2306.0,0.0,,0.0,,,,,,6.0,0
2025,1,2,4,2025-01-02,AS,507,IAD,VA,SAN,CA,1706,1658.0,-8.0,0.0,14.0,1940,1922.0,-18.0,0.0,4.0,334.0,324.0,306.0,2253.0,0.0,,0.0,,,,,,10.0,0
2025,1,2,4,2025-01-02,DL,432,IAD,VA,SLC,UT,705,705.0,0.0,0.0,15.0,957,1001.0,4.0,0.0,17.0,292.0,296.0,264.0,1828.0,0.0,,0.0,,,,,,-4.0,0
2025,1,2,4,2025-01-02,DL,1354,IAD,VA,ATL,GA,715,717.0,2.0,0.0,12.0,916,908.0,-8.0,0.0,8.0,121.0,111.0,91.0,534.0,0.0,,0.0,,,,,,10.0,0
2025,1,2,4,2025-01-02,DL,1400,IAD,VA,ATL,GA,1259,1259.0,0.0,0.0,17.0,1457,1448.0,-9.0,0.0,6.0,118.0,109.0,86.0,534.0,0.0,,0.0,,,,,,9.0,0
2025,1,2,4,2025-01-02,DL,1444,IAD,VA,ATL,GA,1000,955.0,-5.0,0.0,11.0,1156,1139.0,-17.0,0.0,5.0,116.0,104.0,88.0,534.0,0.0,,0.0,,,,,,12.0,0
2025,1,2,4,2025-01-02,DL,2902,IAD,VA,ATL,GA,1857,1853.0,-4.0,0.0,17.0,2059,2040.0,-19.0,0.0,6.0,122.0,107.0,84.0,534.0,0.0,,0.0,,,,,,15.0,0
2025,1,2,4,2025-01-02,DL,1695,IAD,VA,ATL,GA,1641,1816.0,95.0,1.0,26.0,1839,2019.0,100.0,1.0,12.0,118.0,123.0,85.0,534.0,0.0,,0.0,0.0,0.0,5.0,0.0,95.0,-5.0,1
2025,1,2,4,2025-01-02,DL,1084,IAD,VA,SEA,WA,730,725.0,-5.0,0.0,15.0,1041,1024.0,-17.0,0.0,9.0,371.0,359.0,335.0,2306.0,0.0,,0.0,,,,,,12.0,0
2025,1,2,4,2025-01-02,DL,2550,IAD,VA,ATL,GA,600,604.0,4.0,0.0,15.0,756,748.0,-8.0,0.0,4.0,116.0,104.0,85.0,534.0,0.0,,0.0,,,,,,12.0,0
2025,1,2,4,2025-01-02,F9,4811,IAD,VA,MCO,FL,830,818.0,-12.0,0.0,12.0,1055,1038.0,-17.0,0.0,10.0,145.0,140.0,118.0,758.0,0.0,,0.0,,,,,,5.0,0
2025,1,2,4,2025-01-02,F9,2953,IAD,VA,TPA,FL,1502,1444.0,-18.0,0.0,13.0,1729,1710.0,-19.0,0.0,5.0,147.0,146.0,128.0,811.0,0.0,,0.0,,,,,,1.0,0
2025,1,2,4,2025-01-02,F9,4707,IAD,VA,ATL,GA,1858,1848.0,-10.0,0.0,15.0,2101,2120.0,19.0,1.0,50.0,123.0,152.0,87.0,534.0,0.0,,0.0,0.0,0.0,19.0,0.0,0.0,-29.0,1
2025,1,2,4,2025-01-02,G4,1378,IAD,VA,SRQ,FL,1141,1141.0,0.0,0.0,11.0,1420,1407.0,-13.0,0.0,5.0,159.0,146.0,130.0,849.0,0.0,,0.0,,,,,,13.0,0
2025,1,2,4,2025-01-02,OH,5203,IAD,VA,CLT,NC,919,1052.0,93.0,1.0,15.0,1059,1226.0,87.0,1.0,11.0,100.0,94.0,68.0,322.0,0.0,,0.0,87.0,0.0,0.0,0.0,0.0,6.0,1
2025,1,2,4,2025-01-02,OH,5447,IAD,VA,CLT,NC,2010,2004.0,-6.0,0.0,24.0,2150,2143.0,-7.0,0.0,5.0,100.0,99.0,70.0,322.0,0.0,,0.0,,,,,,1.0,0
2025,1,2,4,2025-01-02,OH,5463,IAD,VA,CLT,NC,500,452.0,-8.0,0.0,20.0,639,620.0,-19.0,0.0,6.0,99.0,88.0,62.0,322.0,0.0,,0.0,,,,,,11.0,0
2025,1,2,4,2025-01-02,OH,5543,IAD,VA,CLT,NC,1353,1456.0,63.0,1.0,19.0,1533,1627.0,54.0,1.0,9.0,100.0,91.0,63.0,322.0,0.0,,0.0,0.0,0.0,0.0,0.0,54.0,9.0,1
2025,1,2,4,2025-01-02,OH,5582,IAD,VA,CLT,NC,1729,1724.0,-5.0,0.0,21.0,1919,1851.0,-28.0,0.0,3.0,110.0,87.0,63.0,322.0,0.0,,0.0,,,,,,23.0,0
2025,1,2,4,2025-01-02,OO,3680,IAD,VA,MSP,MN,1510,1502.0,-8.0,0.0,12.0,1708,1648.0,-20.0,0.0,5.0,178.0,166.0,149.0,908.0,0.0,,0.0,,,,,,12.0,0
2025,1,2,4,2025-01-02,OO,3853,IAD,VA,DTW,MI,600,559.0,-1.0,0.0,51.0,745,808.0,23.0,1.0,7.0,105.0,129.0,71.0,383.0,0.0,,0.0,23.0,0.0,0.0,0.0,0.0,-24.0,1
2025,1,2,4,2025-01-02,OO,3877,IAD,VA,DTW,MI,1230,1313.0,43.0,1.0,13.0,1414,1442.0,28.0,1.0,7.0,104.0,89.0,69.0,383.0,0.0,,0.0,0.0,28.0,0.0,0.0,0.0,15.0,1
2025,1,2,4,2025-01-02,OO,3996,IAD,VA,MSP,MN,607,611.0,4.0,0.0,14.0,809,803.0,-6.0,0.0,8.0,182.0,172.0,150.0,908.0,0.0,,0.0,,,,,,10.0,0
2025,1,2,4,2025-01-02,OO,5043,IAD,VA,JST,PA,1250,1243.0,-7.0,0.0,28.0,1350,1344.0,-6.0,0.0,4.0,60.0,61.0,29.0,120.0,0.0,,0.0,,,,,,-1.0,0
2025,1,2,4,2025-01-02,OO,5098,IAD,VA,MGW,WV,900,850.0,-10.0,0.0,18.0,1003,947.0,-16.0,0.0,2.0,63.0,57.0,37.0,140.0,0.0,,0.0,,,,,,6.0,0
2025,1,2,4,2025-01-02,UA,2667,IAD,VA,ROC,NY,2222,2240.0,18.0,1.0,46.0,2342,23.0,41.0,1.0,6.0,80.0,103.0,51.0,288.0,0.0,,0.0,18.0,0.0,23.0,0.0,0.0,-23.0,1
2025,1,2,4,2025-01-02,UA,2642,IAD,VA,ATL,GA,815,814.0,-1.0,0.0,14.0,1014,959.0,-15.0,0.0,4.0,119.0,105.0,87.0,534.0,0.0,,0.0,,,,,,14.0,0
2025,1,2,4,2025-01-02,UA,2497,IAD,VA,ORD,IL,1722,1721.0,-1.0,0.0,16.0,1842,1858.0,16.0,1.0,42.0,140.0,157.0,99.0,588.0,0.0,,0.0,0.0,0.0,16.0,0.0,0.0,-17.0,1
2025,1,2,4,2025-01-02,UA,2480,IAD,VA,ATL,GA,2215,2212.0,-3.0,0.0,24.0,15,3.0,-12.0,0.0,5.0,120.0,111.0,82.0,534.0,0.0,,0.0,,,,,,9.0,0
2025,1,2,4,2025-01-02,UA,2463,IAD,VA,DEN,CO,1735,1733.0,-2.0,0.0,16.0,1937,1917.0,-20.0,0.0,8.0,242.0,224.0,200.0,1452.0,0.0,,0.0,,,,,,18.0,0
2025,1,2,4,2025-01-02,UA,2440,IAD,VA,SFO,CA,815,819.0,4.0,0.0,28.0,1105,1119.0,14.0,0.0,22.0,350.0,360.0,310.0,2419.0,0.0,,0.0,,,,,,-10.0,0
2025,1,2,4,2025-01-02,UA,2435,IAD,VA,SMF,CA,1755,1754.0,-1.0,0.0,21.0,2059,2053.0,-6.0,0.0,5.0,364.0,359.0,333.0,2358.0,0.0,,0.0,,,,,,5.0,0
2025,1,2,4,2025-01-02,UA,2398,IAD,VA,EWR,NJ,1737,1730.0,-7.0,0.0,20.0,1900,1844.0,-16.0,0.0,10.0,83.0,74.0,44.0,212.0,0.0,,0.0,,,,,,9.0,0
2025,1,2,4,2025-01-02,UA,2382,IAD,VA,RDU,NC,2235,2230.0,-5.0,0.0,19.0,2344,2335.0,-9.0,0.0,4.0,69.0,65.0,42.0,224.0,0.0,,0.0,,,,,,4.0,0
2025,1,2,4,2025-01-02,UA,2314,IAD,VA,DFW,TX,830,830.0,0.0,0.0,16.0,1111,1101.0,-10.0,0.0,12.0,221.0,211.0,183.0,1172.0,0.0,,0.0,,,,,,10.0,0
2025,1,2,4,2025-01-02,UA,2303,IAD,VA,LAX,CA,1900,1854.0,-6.0,0.0,15.0,2152,2121.0,-31.0,0.0,7.0,352.0,327.0,305.0,2288.0,0.0,,0.0,,,,,,25.0,0
2025,1,2,4,2025-01-02,UA,2277,IAD,VA,TPA,FL,1235,1233.0,-2.0,0.0,11.0,1511,1452.0,-19.0,0.0,5.0,156.0,139.0,123.0,811.0,0.0,,0.0,,,,,,17.0,0
2025,1,2,4,2025-01-02,UA,2276,IAD,VA,LAX,CA,1755,1802.0,7.0,0.0,35.0,2035,2036.0,1.0,0.0,7.0,340.0,334.0,292.0,2288.0,0.0,,0.0,,,,,,6.0,0
2025,1,2,4,2025-01-02,UA,2275,IAD,VA,IAH,TX,2224,2226.0,2.0,0.0,17.0,100,49.0,-11.0,0.0,6.0,216.0,203.0,180.0,1190.0,0.0,,0.0,,,,,,13.0,0
2025,1,2,4,2025-01-02,UA,2268,IAD,VA,MCO,FL,1710,1706.0,-4.0,0.0,21.0,1939,1933.0,-6.0,0.0,12.0,149.0,147.0,114.0,758.0,0.0,,0.0,,,,,,2.0,0
2025,1,2,4,2025-01-02,UA,2175,IAD,VA,FLL,FL,1245,1240.0,-5.0,0.0,17.0,1536,1527.0,-9.0,0.0,6.0,171.0,167.0,144.0,901.0,0.0,,0.0,,,,,,4.0,0
2025,1,2,4,2025-01-02,UA,2156,IAD,VA,BNA,TN,1240,1237.0,-3.0,0.0,16.0,1342,1333.0,-9.0,0.0,9.0,122.0,116.0,91.0,542.0,0.0,,0.0,,,,,,6.0,0
2025,1,2,4,2025-01-02,UA,2150,IAD,VA,PSP,CA,900,855.0,-5.0,0.0,16.0,1140,1131.0,-9.0,0.0,11.0,340.0,336.0,309.0,2188.0,0.0,,0.0,,,,,,4.0,0
2025,1,2,4,2025-01-02,UA,2116,IAD,VA,DFW,TX,1745,1743.0,-2.0,0.0,15.0,2025,2008.0,-17.0,0.0,11.0,220.0,205.0,179.0,1172.0,0.0,,0.0,,,,,,15.0,0
2025,1,2,4,2025-01-02,UA,2060,IAD,VA,BOS,MA,1250,1245.0,-5.0,0.0,15.0,1426,1408.0,-18.0,0.0,4.0,96.0,83.0,64.0,413.0,0.0,,0.0,,,,,,13.0,0
2025,1,2,4,2025-01-02,UA,2049,IAD,VA,RSW,FL,1742,1839.0,57.0,1.0,20.0,2029,2119.0,50.0,1.0,3.0,167.0,160.0,137.0,891.0,0.0,,0.0,50.0,0.0,0.0,0.0,0.0,7.0,1
2025,1,2,4,2025-01-02,UA,2029,IAD,VA,SAN,CA,1310,1306.0,-4.0,0.0,15.0,1552,1551.0,-1.0,0.0,3.0,342.0,345.0,327.0,2253.0,0.0,,0.0,,,,,,-3.0,0
2025,1,2,4,2025-01-02,UA,2025,IAD,VA,SJU,PR,1735,1740.0,5.0,0.0,17.0,2222,2216.0,-6.0,0.0,3.0,227.0,216.0,196.0,1571.0,0.0,,0.0,,,,,,11.0,0
2025,1,2,4,2025-01-02,UA,2021,IAD,VA,SJU,PR,830,828.0,-2.0,0.0,26.0,1317,1316.0,-1.0,0.0,4.0,227.0,228.0,198.0,1571.0,0.0,,0.0,,,,,,-1.0,0
2025,1,2,4,2025-01-02,UA,1997,IAD,VA,EWR,NJ,2233,2230.0,-3.0,0.0,25.0,2346,2348.0,2.0,0.0,8.0,73.0,78.0,45.0,212.0,0.0,,0.0,,,,,,-5.0,0
2025,1,2,4,2025-01-02,UA,1964,IAD,VA,SEA,WA,835,836.0,1.0,0.0,25.0,1132,1139.0,7.0,0.0,10.0,357.0,363.0,328.0,2306.0,0.0,,0.0,,,,,,-6.0,0
2025,1,2,4,2025-01-02,UA,1940,IAD,VA,ATL,GA,1258,1250.0,-8.0,0.0,15.0,1458,1440.0,-18.0,0.0,5.0,120.0,110.0,90.0,534.0,0.0,,0.0,,,,,,10.0,0
2025,1,2,4,2025-01-02,UA,1938,IAD,VA,PHX,AZ,1930,2122.0,112.0,1.0,13.0,2238,5.0,87.0,1.0,2.0,308.0,283.0,268.0,1956.0,0.0,,0.0,4.0,0.0,0.0,0.0,83.0,25.0,1
2025,1,2,4,2025-01-02,UA,1937,IAD,VA,DEN,CO,1235,1230.0,-5.0,0.0,13.0,1443,1419.0,-24.0,0.0,7.0,248.0,229.0,209.0,1452.0,0.0,,0.0,,,,,,19.0,0
2025,1,2,4,2025-01-02,UA,1930,IAD,VA,SAN,CA,845,844.0,-1.0,0.0,18.0,1127,1126.0,-1.0,0.0,4.0,342.0,342.0,320.0,2253.0,0.0,,0.0,,,,,,0.0,0
2025,1,2,4,2025-01-02,UA,1929,IAD,VA,EWR,NJ,845,841.0,-4.0,0.0,57.0,1002,1038.0,36.0,1.0,8.0,77.0,117.0,52.0,212.0,0.0,,0.0,0.0,0.0,36.0,0.0,0.0,-40.0,1
2025,1,2,4,2025-01-02,UA,1926,IAD,VA,DEN,CO,1005,1002.0,-3.0,0.0,15.0,1210,1201.0,-9.0,0.0,9.0,245.0,239.0,215.0,1452.0,0.0,,0.0,,,,,,6.0,0
2025,1,2,4,2025-01-02,UA,1869,IAD,VA,SAT,TX,1705,1706.0,1.0,0.0,13.0,2000,1943.0,-17.0,0.0,3.0,235.0,217.0,201.0,1362.0,0.0,,0.0,,,,,,18.0,0
2025,1,2,4,2025-01-02,UA,1858,IAD,VA,SLC,UT,1730,1814.0,44.0,1.0,16.0,2020,2104.0,44.0,1.0,6.0,290.0,290.0,268.0,1828.0,0.0,,0.0,0.0,0.0,44.0,0.0,0.0,0.0,1
2025,1,2,4,2025-01-02,UA,1831,IAD,VA,SAN,CA,1815,1811.0,-4.0,0.0,16.0,2047,,,,,332.0,,,2253.0,0.0,,1.0,,,,,,,
2025,1,2,4,2025-01-02,UA,1825,IAD,VA,FLL,FL,825,825.0,0.0,0.0,24.0,1116,1115.0,-1.0,0.0,9.0,171.0,170.0,137.0,901.0,0.0,,0.0,,,,,,1.0,0
2025,1,2,4,2025-01-02,UA,1786,IAD,VA,PHX,AZ,1250,1247.0,-3.0,0.0,16.0,1559,1543.0,-16.0,0.0,4.0,309.0,296.0,276.0,1956.0,0.0,,0.0,,,,,,13.0,0
2025,1,2,4,2025-01-02,UA,1757,IAD,VA,SFO,CA,1750,1757.0,7.0,0.0,21.0,2047,2048.0,1.0,0.0,16.0,357.0,351.0,314.0,2419.0,0.0,,0.0,,,,,,6.0,0
2025,1,2,4,2025-01-02,UA,1738,IAD,VA,ORD,IL,2220,2211.0,-9.0,0.0,16.0,2325,2307.0,-18.0,0.0,7.0,125.0,116.0,93.0,588.0,0.0,,0.0,,,,,,9.0,0
2025,1,2,4,2025-01-02,UA,1710,IAD,VA,ORD,IL,835,832.0,-3.0,0.0,19.0,955,944.0,-11.0,0.0,13.0,140.0,132.0,100.0,588.0,0.0,,0.0,,,,,,8.0,0
2025,1,2,4,2025-01-02,UA,1689,IAD,VA,LAX,CA,1240,1233.0,-7.0,0.0,13.0,1533,1511.0,-22.0,0.0,8.0,353.0,338.0,317.0,2288.0,0.0,,0.0,,,,,,15.0,0
2025,1,2,4,2025-01-02,UA,1668,IAD,VA,SAT,TX,820,816.0,-4.0,0.0,14.0,1117,1104.0,-13.0,0.0,3.0,237.0,228.0,211.0,1362.0,0.0,,0.0,,,,,,9.0,0
2025,1,2,4,2025-01-02,UA,1657,IAD,VA,SFO,CA,1235,1235.0,0.0,0.0,16.0,1544,1601.0,17.0,1.0,7.0,369.0,386.0,363.0,2419.0,0.0,,0.0,0.0,0.0,17.0,0.0,0.0,-17.0,1
2025,1,2,4,2025-01-02,UA,1634,IAD,VA,MCO,FL,900,854.0,-6.0,0.0,18.0,1129,1121.0,-8.0,0.0,10.0,149.0,147.0,119.0,758.0,0.0,,0.0,,,,,,2.0,0
2025,1,2,4,2025-01-02,UA,1620,IAD,VA,MIA,FL,1710,1707.0,-3.0,0.0,23.0,2008,1957.0,-11.0,0.0,15.0,178.0,170.0,132.0,921.0,0.0,,0.0,,,,,,8.0,0
2025,1,2,4,2025-01-02,UA,1584,IAD,VA,SFO,CA,2220,2233.0,13.0,0.0,19.0,125,126.0,1.0,0.0,4.0,365.0,353.0,330.0,2419.0,0.0,,0.0,,,,,,12.0,0
2025,1,2,4,2025-01-02,UA,1581,IAD,VA,ORD,IL,1245,1240.0,-5.0,0.0,14.0,1405,1331.0,-34.0,0.0,4.0,140.0,111.0,93.0,588.0,0.0,,0.0,,,,,,29.0,0
2025,1,2,4,2025-01-02,UA,1524,IAD,VA,IAH,TX,837,834.0,-3.0,0.0,21.0,1115,1117.0,2.0,0.0,12.0,218.0,223.0,190.0,1190.0,0.0,,0.0,,,,,,-5.0,0
2025,1,2,4,2025-01-02,UA,1521,IAD,VA,MSY,LA,1805,1759.0,-6.0,0.0,15.0,2003,1945.0,-18.0,0.0,3.0,178.0,166.0,148.0,955.0,0.0,,0.0,,,,,,12.0,0
2025,1,2,4,2025-01-02,UA,1469,IAD,VA,LAX,CA,615,610.0,-5.0,0.0,14.0,907,901.0,-6.0,0.0,14.0,352.0,351.0,323.0,2288.0,0.0,,0.0,,,,,,1.0,0
2025,1,2,4,2025-01-02,UA,1443,IAD,VA,STT,VI,900,858.0,-2.0,0.0,17.0,1356,1346.0,-10.0,0.0,4.0,236.0,228.0,207.0,1606.0,0.0,,0.0,,,,,,8.0,0
2025,1,2,4,2025-01-02,UA,1437,IAD,VA,ORF,VA,2232,2234.0,2.0,0.0,13.0,2330,2327.0,-3.0,0.0,6.0,58.0,53.0,34.0,157.0,0.0,,0.0,,,,,,5.0,0
2025,1,2,4,2025-01-02,UA,1413,IAD,VA,LAX,CA,2205,2207.0,2.0,0.0,27.0,58,58.0,0.0,0.0,10.0,353.0,351.0,314.0,2288.0,0.0,,0.0,,,,,,2.0,0
2025,1,2,4,2025-01-02,UA,1412,IAD,VA,CLT,NC,815,817.0,2.0,0.0,27.0,1003,1004.0,1.0,0.0,15.0,108.0,107.0,65.0,322.0,0.0,,0.0,,,,,,1.0,0
2025,1,2,4,2025-01-02,UA,1406,IAD,VA,RSW,FL,820,859.0,39.0,1.0,14.0,1107,1142.0,35.0,1.0,5.0,167.0,163.0,144.0,891.0,0.0,,0.0,0.0,0.0,0.0,0.0,35.0,4.0,1
2025,1,2,4,2025-01-02,UA,1393,IAD,VA,BTV,VT,2223,2213.0,-10.0,0.0,15.0,2359,2346.0,-13.0,0.0,5.0,96.0,93.0,73.0,441.0,0.0,,0.0,,,,,,3.0,0
2025,1,2,4,2025-01-02,UA,1379,IAD,VA,FLL,FL,1755,1755.0,0.0,0.0,15.0,2046,2031.0,-15.0,0.0,5.0,171.0,156.0,136.0,901.0,0.0,,0.0,,,,,,15.0,0
2025,1,2,4,2025-01-02,UA,1372,IAD,VA,IAH,TX,608,559.0,-9.0,0.0,11.0,846,827.0,-19.0,0.0,7.0,218.0,208.0,190.0,1190.0,0.0,,0.0,,,,,,10.0,0
2025,1,2,4,2025-01-02,UA,1370,IAD,VA,CLE,OH,2238,2234.0,-4.0,0.0,19.0,2359,2356.0,-3.0,0.0,7.0,81.0,82.0,56.0,288.0,0.0,,0.0,,,,,,-1.0,0
2025,1,2,4,2025-01-02,UA,1366,IAD,VA,DEN,CO,825,822.0,-3.0,0.0,18.0,1027,1013.0,-14.0,0.0,9.0,242.0,231.0,204.0,1452.0,0.0,,0.0,,,,,,11.0,0
2025,1,2,4,2025-01-02,UA,1360,IAD,VA,IAH,TX,1732,1731.0,-1.0,0.0,14.0,2010,2047.0,37.0,1.0,56.0,218.0,256.0,186.0,1190.0,0.0,,0.0,0.0,0.0,37.0,0.0,0.0,-38.0,1
2025,1,2,4,2025-01-02,UA,1344,IAD,VA,IAH,TX,1250,1255.0,5.0,0.0,13.0,1528,1532.0,4.0,0.0,10.0,218.0,217.0,194.0,1190.0,0.0,,0.0,,,,,,1.0,0
2025,1,2,4,2025-01-02,UA,1323,IAD,VA,LAS,NV,857,904.0,7.0,0.0,15.0,1120,1137.0,17.0,1.0,6.0,323.0,333.0,312.0,2065.0,0.0,,0.0,7.0,0.0,10.0,0.0,0.0,-10.0,1
2025,1,2,4,2025-01-02,UA,1318,IAD,VA,SFO,CA,1440,1433.0,-7.0,0.0,12.0,1749,1729.0,-20.0,0.0,5.0,369.0,356.0,339.0,2419.0,0.0,,0.0,,,,,,13.0,0
2025,1,2,4,2025-01-02,UA,1257,IAD,VA,PHX,AZ,845,841.0,-4.0,0.0,37.0,1153,1209.0,16.0,1.0,4.0,308.0,328.0,287.0,1956.0,0.0,,0.0,0.0,0.0,16.0,0.0,0.0,-20.0,1
2025,1,2,4,2025-01-02,UA,1237,IAD,VA,PDX,OR,1746,1820.0,34.0,1.0,37.0,2049,2148.0,59.0,1.0,4.0,363.0,388.0,347.0,2327.0,0.0,,0.0,0.0,0.0,59.0,0.0,0.0,-25.0,1
2025,1,2,4,2025-01-02,UA,1140,IAD,VA,TPA,FL,1755,1752.0,-3.0,0.0,12.0,2031,2019.0,-12.0,0.0,5.0,156.0,147.0,130.0,811.0,0.0,,0.0,,,,,,9.0,0
2025,1,2,4,2025-01-02,UA,1116,IAD,VA,SFO,CA,825,825.0,0.0,0.0,15.0,1119,1100.0,-19.0,0.0,10.0,354.0,335.0,310.0,2419.0,0.0,,0.0,,,,,,19.0,0
2025,1,2,4,2025-01-02,UA,1095,IAD,VA,SFO,CA,631,626.0,-5.0,0.0,16.0,940,945.0,5.0,0.0,6.0,369.0,379.0,357.0,2419.0,0.0,,0.0,,,,,,-10.0,0
2025,1,2,4,2025-01-02,UA,1073,IAD,VA,MIA,FL,900,907.0,7.0,0.0,20.0,1158,1201.0,3.0,0.0,5.0,178.0,174.0,149.0,921.0,0.0,,0.0,,,,,,4.0,0
2025,1,2,4,2025-01-02,UA,1071,IAD,VA,JAX,FL,1740,1746.0,6.0,0.0,26.0,1952,1948.0,-4.0,0.0,5.0,132.0,122.0,91.0,630.0,0.0,,0.0,,,,,,10.0,0
2025,1,2,4,2025-01-02,UA,1016,IAD,VA,BTV,VT,900,853.0,-7.0,0.0,12.0,1037,1027.0,-10.0,0.0,4.0,97.0,94.0,78.0,441.0,0.0,,0.0,,,,,,3.0,0
2025,1,2,4,2025-01-02,UA,793,IAD,VA,DEN,CO,630,622.0,-8.0,0.0,14.0,838,825.0,-13.0,0.0,13.0,248.0,243.0,216.0,1452.0,0.0,,0.0,,,,,,5.0,0
2025,1,2,4,2025-01-02,UA,780,IAD,VA,LAS,NV,1937,1932.0,-5.0,0.0,11.0,2200,2140.0,-20.0,0.0,7.0,323.0,308.0,290.0,2065.0,0.0,,0.0,,,,,,15.0,0
2025,1,2,4,2025-01-02,UA,755,IAD,VA,BOS,MA,2224,2220.0,-4.0,0.0,20.0,2359,2348.0,-11.0,0.0,3.0,95.0,88.0,65.0,413.0,0.0,,0.0,,,,,,7.0,0
2025,1,2,4,2025-01-02,UA,739,IAD,VA,SFO,CA,2049,2054.0,5.0,0.0,15.0,2355,2347.0,-8.0,0.0,6.0,366.0,353.0,332.0,2419.0,0.0,,0.0,,,,,,13.0,0
2025,1,2,4,2025-01-02,UA,689,IAD,VA,MCO,FL,2215,2205.0,-10.0,0.0,16.0,44,29.0,-15.0,0.0,9.0,149.0,144.0,119.0,758.0,0.0,,0.0,,,,,,5.0,0
2025,1,2,4,2025-01-02,UA,688,IAD,VA,BOS,MA,1710,1711.0,1.0,0.0,14.0,1846,1840.0,-6.0,0.0,5.0,96.0,89.0,70.0,413.0,0.0,,0.0,,,,,,7.0,0
2025,1,2,4,2025-01-02,UA,683,IAD,VA,TPA,FL,845,841.0,-4.0,0.0,25.0,1121,1117.0,-4.0,0.0,5.0,156.0,156.0,126.0,811.0,0.0,,0.0,,,,,,0.0,0
2025,1,2,4,2025-01-02,UA,678,IAD,VA,PBI,FL,900,858.0,-2.0,0.0,20.0,1148,1151.0,3.0,0.0,19.0,168.0,173.0,134.0,859.0,0.0,,0.0,,,,,,-5.0,0
2025,1,2,4,2025-01-02,UA,674,IAD,VA,SFO,CA,1939,1938.0,-1.0,0.0,21.0,2245,2240.0,-5.0,0.0,4.0,366.0,362.0,337.0,2419.0,0.0,,0.0,,,,,,4.0,0
2025,1,2,4,2025-01-02,UA,667,IAD,VA,LAX,CA,815,814.0,-1.0,0.0,37.0,1050,1100.0,10.0,0.0,15.0,335.0,346.0,294.0,2288.0,0.0,,0.0,,,,,,-11.0,0
2025,1,2,4,2025-01-02,UA,641,IAD,VA,BOS,MA,825,821.0,-4.0,0.0,16.0,1000,943.0,-17.0,0.0,4.0,95.0,82.0,62.0,413.0,0.0,,0.0,,,,,,13.0,0
2025,1,2,4,2025-01-02,UA,495,IAD,VA,DEN,CO,2217,2214.0,-3.0,0.0,19.0,15,32.0,17.0,1.0,10.0,238.0,258.0,229.0,1452.0,0.0,,0.0,0.0,0.0,17.0,0.0,0.0,-20.0,1
2025,1,2,4,2025-01-02,UA,493,IAD,VA,LAX,CA,850,851.0,1.0,0.0,18.0,1142,1141.0,-1.0,0.0,6.0,352.0,350.0,326.0,2288.0,0.0,,0.0,,,,,,2.0,0
2025,1,2,4,2025-01-02,UA,471,IAD,VA,MCO,FL,1240,1238.0,-2.0,0.0,12.0,1509,1458.0,-11.0,0.0,11.0,149.0,140.0,117.0,758.0,0.0,,0.0,,,,,,9.0,0
2025,1,2,4,2025-01-02,UA,444,IAD,VA,BDL,CT,2235,2225.0,-10.0,0.0,16.0,2359,2340.0,-19.0,0.0,5.0,84.0,75.0,54.0,325.0,0.0,,0.0,,,,,,9.0,0
2025,1,2,4,2025-01-02,UA,408,IAD,VA,PWM,ME,2223,2213.0,-10.0,0.0,18.0,2359,2345.0,-14.0,0.0,4.0,96.0,92.0,70.0,493.0,0.0,,0.0,,,,,,4.0,0
2025,1,2,4,2025-01-02,UA,381,IAD,VA,AUS,TX,820,815.0,-5.0,0.0,10.0,1110,1047.0,-23.0,0.0,4.0,230.0,212.0,198.0,1297.0,0.0,,0.0,,,,,,18.0,0
2025,1,2,4,2025-01-02,UA,379,IAD,VA,MCO,FL,800,757.0,-3.0,0.0,15.0,1029,1027.0,-2.0,0.0,15.0,149.0,150.0,120.0,758.0,0.0,,0.0,,,,,,-1.0,0
2025,1,2,4,2025-01-02,UA,345,IAD,VA,HNL,HI,815,813.0,-2.0,0.0,15.0,1416,1345.0,-31.0,0.0,4.0,661.0,632.0,613.0,4817.0,0.0,,0.0,,,,,,29.0,0
2025,1,2,4,2025-01-02,UA,326,IAD,VA,SEA,WA,1733,1742.0,9.0,0.0,21.0,2036,2047.0,11.0,0.0,8.0,363.0,365.0,336.0,2306.0,0.0,,0.0,,,,,,-2.0,0
2025,1,2,4,2025-01-02,UA,284,IAD,VA,DEN,CO,1605,1606.0,1.0,0.0,15.0,1813,1808.0,-5.0,0.0,9.0,248.0,242.0,218.0,1452.0,0.0,,0.0,,,,,,6.0,0
2025,1,2,4,2025-01-02,WN,1130,IAD,VA,DEN,CO,515,509.0,-6.0,0.0,13.0,710,707.0,-3.0,0.0,7.0,235.0,238.0,218.0,1452.0,0.0,,0.0,,,,,,-3.0,0
2025,1,2,4,2025-01-02,WN,1476,IAD,VA,DEN,CO,1425,1417.0,-8.0,0.0,12.0,1625,1615.0,-10.0,0.0,16.0,240.0,238.0,210.0,1452.0,0.0,,0.0,,,,,,2.0,0
2025,1,2,4,2025-01-02,WN,3746,IAD,VA,DEN,CO,2000,1958.0,-2.0,0.0,9.0,2200,2142.0,-18.0,0.0,6.0,240.0,224.0,209.0,1452.0,0.0,,0.0,,,,,,16.0,0
2025,1,2,4,2025-01-02,WN,2080,IAD,VA,PHX,AZ,1720,1720.0,0.0,0.0,11.0,2025,2007.0,-18.0,0.0,6.0,305.0,287.0,270.0,1956.0,0.0,,0.0,,,,,,18.0,0
2025,1,2,4,2025-01-02,YX,3712,IAD,VA,CLE,OH,1740,1810.0,30.0,1.0,21.0,1906,1934.0,28.0,1.0,9.0,86.0,84.0,54.0,288.0,0.0,,0.0,28.0,0.0,0.0,0.0,0.0,2.0,1
2025,1,2,4,2025-01-02,YX,3646,IAD,VA,CMH,OH,2215,2215.0,0.0,0.0,25.0,2344,2351.0,7.0,0.0,17.0,89.0,96.0,54.0,299.0,0.0,,0.0,,,,,,-7.0,0
2025,1,2,4,2025-01-02,YX,3635,IAD,VA,IND,IN,2205,2159.0,-6.0,0.0,29.0,2359,2353.0,-6.0,0.0,5.0,114.0,114.0,80.0,476.0,0.0,,0.0,,,,,,0.0,0
2025,1,2,4,2025-01-02,YX,3627,IAD,VA,PWM,ME,1255,1252.0,-3.0,0.0,15.0,1438,1421.0,-17.0,0.0,5.0,103.0,89.0,69.0,493.0,0.0,,0.0,,,,,,14.0,0
2025,1,2,4,2025-01-02,YX,3585,IAD,VA,IND,IN,1715,1713.0,-2.0,0.0,12.0,1910,1852.0,-18.0,0.0,7.0,115.0,99.0,80.0,476.0,0.0,,0.0,,,,,,16.0,0
2025,1,2,4,2025-01-02,YX,3570,IAD,VA,SDF,KY,1859,1850.0,-9.0,0.0,21.0,2052,2043.0,-9.0,0.0,6.0,113.0,113.0,86.0,451.0,0.0,,0.0,,,,,,0.0,0
2025,1,2,4,2025-01-02,YX,3568,IAD,VA,PVD,RI,1235,1232.0,-3.0,0.0,11.0,1404,1346.0,-18.0,0.0,6.0,89.0,74.0,57.0,371.0,0.0,,0.0,,,,,,15.0,0
2025,1,2,4,2025-01-02,YX,3561,IAD,VA,IND,IN,840,831.0,-9.0,0.0,14.0,1035,1013.0,-22.0,0.0,7.0,115.0,102.0,81.0,476.0,0.0,,0.0,,,,,,13.0,0
2025,1,2,4,2025-01-02,YX,3548,IAD,VA,CVG,KY,852,849.0,-3.0,0.0,15.0,1039,1026.0,-13.0,0.0,6.0,107.0,97.0,76.0,388.0,0.0,,0.0,,,,,,10.0,0
2025,1,2,4,2025-01-02,YX,3547,IAD,VA,RDU,NC,1730,1817.0,47.0,1.0,17.0,1849,1921.0,32.0,1.0,5.0,79.0,64.0,42.0,224.0,0.0,,0.0,8.0,0.0,0.0,0.0,24.0,15.0,1
2025,1,2,4,2025-01-02,YX,3541,IAD,VA,PIT,PA,1240,1237.0,-3.0,0.0,17.0,1349,1338.0,-11.0,0.0,7.0,69.0,61.0,37.0,182.0,0.0,,0.0,,,,,,8.0,0
2025,1,2,4,2025-01-02,YX,3540,IAD,VA,PIT,PA,2210,2203.0,-7.0,0.0,24.0,2314,2307.0,-7.0,0.0,5.0,64.0,64.0,35.0,182.0,0.0,,0.0,,,,,,0.0,0
2025,1,2,4,2025-01-02,YX,3532,IAD,VA,LGA,NY,1245,1242.0,-3.0,0.0,14.0,1413,1358.0,-15.0,0.0,7.0,88.0,76.0,55.0,229.0,0.0,,0.0,,,,,,12.0,0
2025,1,2,4,2025-01-02,YX,3527,IAD,VA,DTW,MI,2215,2219.0,4.0,0.0,19.0,2359,2354.0,-5.0,0.0,10.0,104.0,95.0,66.0,383.0,0.0,,0.0,,,,,,9.0,0
2025,1,2,4,2025-01-02,YX,3516,IAD,VA,CMH,OH,1245,1258.0,13.0,0.0,12.0,1409,1414.0,5.0,0.0,6.0,84.0,76.0,58.0,299.0,0.0,,0.0,,,,,,8.0,0
